{"type":"FeatureCollection","features":[{"type":"Feature","id":2563,"geometry":{"type":"MultiPolygon","coordinates":[[[[-111.98698225838451,33.773662724376649],[-111.98678282903045,33.773663612843819],[-111.98579389639715,33.773668290338755],[-111.98579559019019,33.773904687707983],[-111.98579539168273,33.774321307609348],[-111.98579515727762,33.77478337243241],[-111.98579514153211,33.774829325795423],[-111.98579497823118,33.775248801037748],[-111.98579474705153,33.775632931154256],[-111.98579473290532,33.775660388844123],[-111.9857925009473,33.776433921119818],[-111.9862861334713,33.77644098143972],[-111.98678079901032,33.776431354625629],[-111.98698182379638,33.776433853830028],[-111.98698378554408,33.775644777639897],[-111.98698222215185,33.773900351177495],[-111.98698225838451,33.773662724376649]]],[[[-112.14571696223845,33.914708785788051],[-112.1477142693922,33.914709790387505],[-112.14804389377065,33.914709910871075],[-112.1522308057715,33.914715481647868],[-112.15222749005868,33.918354975547501],[-112.16969206684811,33.918357615928223],[-112.18712721729766,33.918359842282122],[-112.20353708568119,33.918359689815482],[-112.20354819095786,33.914727986842763],[-112.20357787070473,33.913752299052128],[-112.21213987660074,33.913720973725738],[-112.220701888478,33.913689163132624],[-112.22074211282059,33.906485718031703],[-112.22078238021069,33.899274525563655],[-112.22108562501352,33.89928476654655],[-112.22098764031728,33.892041305596734],[-112.22098491003251,33.891839478074161],[-112.22089177700664,33.884953146849682],[-112.2208887629203,33.88473061226442],[-112.22094062105033,33.877546602996404],[-112.22096424781365,33.87427317310533],[-112.20792171148683,33.874158832981387],[-112.20796449951143,33.877491798228235],[-112.20356852539155,33.877472919849055],[-112.20357541614518,33.873851934284772],[-112.212273937855,33.873859754282648],[-112.22096800961801,33.873961959503568],[-112.22099247192719,33.870362577140547],[-112.22103259065815,33.863123605377567],[-112.22107270746366,33.855884627882588],[-112.22108537639244,33.84856875747554],[-112.22099979194311,33.841383992909051],[-112.22099982246652,33.840478398253687],[-112.22099969179902,33.840430387546533],[-112.22099675429698,33.840253921968433],[-112.22104640175692,33.840267683315496],[-112.22109484236648,33.840282884930161],[-112.22117369725919,33.84030913337547],[-112.22129113016331,33.840352732028293],[-112.22423122193688,33.841528672469721],[-112.22827277073502,33.843147773824171],[-112.22850220653119,33.843226567156108],[-112.22874084104345,33.8432916315192],[-112.22888696402246,33.843322247485759],[-112.22909866377901,33.843354494439758],[-112.22928393662528,33.843372316800014],[-112.22938418426797,33.843377572706828],[-112.22948459253858,33.843379906791718],[-112.22963523434741,33.843377919542725],[-112.22971417000629,33.843374248172395],[-112.22982976289191,33.843365248332994],[-112.22996361751542,33.843350609402059],[-112.23010823254945,33.843327995186442],[-112.23025827622645,33.843298441538828],[-112.23044799948762,33.843249793944246],[-112.2306806747018,33.843173623411467],[-112.23086455983359,33.843099368610034],[-112.23106617297945,33.843000661595944],[-112.23124693120342,33.842895667375579],[-112.23136343380835,33.842818802562462],[-112.23154858605605,33.842677333611604],[-112.23168031117365,33.842559333088019],[-112.23180570096923,33.842431031885639],[-112.23189160181457,33.842331506206179],[-112.23194557083539,33.842263001322571],[-112.2320215111006,33.842156987794709],[-112.23209653435298,33.842038087521907],[-112.23214305941113,33.841955140582009],[-112.23219311278149,33.841855467312811],[-112.23225099412709,33.841721622142792],[-112.23227772943396,33.841647891037681],[-112.23230576741868,33.841561215331552],[-112.23234674635363,33.841406752435354],[-112.23411654258892,33.834155060600509],[-112.23589011617963,33.827100410657778],[-112.22100398056845,33.82712957599324],[-112.21632235889946,33.827104577509658],[-112.2163306417208,33.823226278270369],[-112.21231127841891,33.823200642669605],[-112.20795824328565,33.823173226964862],[-112.20795970975998,33.819552123712917],[-112.21231048370156,33.819574733229288],[-112.21666771074027,33.819597695717988],[-112.21665215894312,33.826831961723499],[-112.22100300687711,33.826854757936054],[-112.22867819071955,33.826843009126428],[-112.23306561332166,33.826835944627184],[-112.23595691956552,33.826831202370506],[-112.23850432780974,33.826826971502925],[-112.25299126500612,33.826897108997372],[-112.24036989718154,33.812390124333419],[-112.23842787517334,33.812386812548809],[-112.23823220366012,33.808872650601444],[-112.23392997288013,33.808810949642854],[-112.23398567418486,33.805265159192807],[-112.22960343012626,33.805161407127954],[-112.22090432270411,33.80495498675959],[-112.21746107815976,33.80496570069225],[-112.21771492975823,33.804752710406007],[-112.21773418853303,33.804483008561505],[-112.21781925214054,33.804137380534065],[-112.21789853788401,33.803838810487704],[-112.21799336923058,33.803488022041854],[-112.21824443272195,33.803119037740046],[-112.2184673592496,33.80280209600415],[-112.21865113535003,33.802544899719578],[-112.21867689340134,33.802508851526703],[-112.21913887129425,33.801732458982727],[-112.21933690987134,33.80120395025579],[-112.21959929378889,33.800517881836463],[-112.21959709687496,33.799894308626264],[-112.219460892391,33.799445441449578],[-112.21933153829148,33.799069140444317],[-112.21930900872232,33.798937176855361],[-112.21924108678505,33.797760727104652],[-112.21924939012119,33.797446816290034],[-112.21926262046487,33.796946547698191],[-112.2192701393955,33.796662333263605],[-112.21927366621748,33.796528953579205],[-112.21924335850602,33.79625368391217],[-112.21919392742672,33.795804726982034],[-112.2191706487186,33.795593294890544],[-112.21912114368955,33.795143678489694],[-112.21912846803789,33.794950043008988],[-112.21913461775158,33.794787440543715],[-112.21914113166042,33.794615149708399],[-112.21914963344862,33.794390376747245],[-112.2191549154775,33.794250627837684],[-112.21914411536493,33.794017517367344],[-112.21912555372971,33.793616883454625],[-112.21911497137268,33.793388548829412],[-112.21935798183441,33.793024030870811],[-112.21962901153157,33.792617478300571],[-112.21991935742393,33.792267097981551],[-112.22021707881065,33.791907811076982],[-112.22030046004353,33.791583227966107],[-112.22039912378408,33.791199149411717],[-112.22041115777493,33.790904658937052],[-112.22042399157932,33.790590610138793],[-112.22043310180248,33.790367668519707],[-112.22035628757317,33.790152127754446],[-112.22027456029761,33.789922808448182],[-112.22024670849294,33.789844657106649],[-112.22021731587563,33.789700153746026],[-112.22016675081895,33.789451575096038],[-112.22013949885815,33.789317600374254],[-112.22011687266752,33.789206358548235],[-112.22009646391014,33.789106013457811],[-112.22009582894367,33.788926003756913],[-112.22009494329018,33.788674922905187],[-112.22016331675732,33.788513706202671],[-112.22021412828218,33.78839390164778],[-112.22027796400539,33.788243383873969],[-112.22037236759839,33.788084702812071],[-112.22051509786614,33.787844780660777],[-112.22067147467035,33.787581923781019],[-112.22075494524678,33.787441610984892],[-112.22082043477846,33.787234274836976],[-112.22091989229347,33.786919382910135],[-112.22099188105673,33.786691462933057],[-112.2210438486583,33.786526930582184],[-112.22114771164151,33.786198085839487],[-112.22119294109655,33.786054879760833],[-112.22123399783625,33.78581707913775],[-112.22126305675364,33.785648780438606],[-112.22128988043964,33.785493403894826],[-112.22133975738043,33.785204500218121],[-112.22135477688349,33.785117514847499],[-112.22136722913118,33.785045392708113],[-112.22138302829453,33.784966680307022],[-112.22141410320582,33.784829692577389],[-112.22145066762113,33.784668479430302],[-112.22148687871626,33.784508836377],[-112.22152039349827,33.784361088785673],[-112.22155019436414,33.784229702288648],[-112.22158086644278,33.784091566740116],[-112.22166444384486,33.783713504164467],[-112.22178916605937,33.78346870284264],[-112.2218783364965,33.783293678789533],[-112.22194371551619,33.783165356386647],[-112.22199430786682,33.783066050557714],[-112.22208088557025,33.782961934198319],[-112.22219950437218,33.782819290792339],[-112.2222965030878,33.782702644056357],[-112.22239965937405,33.782578589263721],[-112.22247835120309,33.782483957042359],[-112.2225110937557,33.782382609326049],[-112.22255927639159,33.782233464683635],[-112.22276640908899,33.781587404113381],[-112.22298933700202,33.780881491562759],[-112.22337403008414,33.780346734549411],[-112.2237099365388,33.780205440187771],[-112.22389989679836,33.780017686842569],[-112.22401123067267,33.77979267623617],[-112.22421200368947,33.779492531529066],[-112.22430020466329,33.779070934513058],[-112.22456195942964,33.778777587438448],[-112.22478030153356,33.778489171334456],[-112.2249475321951,33.778217198744002],[-112.22508101736693,33.777917220640035],[-112.22485436888186,33.777252946971842],[-112.22480780644347,33.776775501182357],[-112.22485138449402,33.776419562971157],[-112.22500756324705,33.776194436612322],[-112.22520694812856,33.775510371800117],[-112.22511633881858,33.775257772392941],[-112.22525012103928,33.775042064878527],[-112.22588959991239,33.77467379851074],[-112.2264586201487,33.774346107401819],[-112.22667058393104,33.774045930404974],[-112.2265516750448,33.773561507622922],[-112.22624797982527,33.773432734830763],[-112.2258285579923,33.773254890317695],[-112.22510129991177,33.772946511982497],[-112.22349108667622,33.772263715838818],[-112.22194641469824,33.771608680424521],[-112.22099445017193,33.77120497509069],[-112.2198333319718,33.769086803766584],[-112.21955613604041,33.768582051748858],[-112.2192361205847,33.768013153142149],[-112.21836916888391,33.766329521190904],[-112.21796525096946,33.765598944970201],[-112.21760857615514,33.765032406821291],[-112.21746840345907,33.764817768012655],[-112.21685680204617,33.764025075399566],[-112.21637443530523,33.763436740574171],[-112.21614598062671,33.763170592762926],[-112.21549252700311,33.762450259451114],[-112.21527115733592,33.762275768398503],[-112.21492781780891,33.761944985587569],[-112.21441158867461,33.761525191404878],[-112.21422063405589,33.761349962735025],[-112.21209771998917,33.761343010928904],[-112.20354079398051,33.761311172985309],[-112.20354689323496,33.751200851123521],[-112.20358324295999,33.75123004639844],[-112.20357100098157,33.749844123534189],[-112.20356989293634,33.749773196767428],[-112.20356730449566,33.749702292677796],[-112.20356323246479,33.749631438755017],[-112.20356614502845,33.749558625593991],[-112.20356312256459,33.749488780583086],[-112.20355773329423,33.749407662291148],[-112.20355368668083,33.749357277203089],[-112.20354765231309,33.749298794919554],[-112.20354062707241,33.749238152071989],[-112.20352826549821,33.749153768576726],[-112.20350103581909,33.749100705598174],[-112.20347992201081,33.749009067836177],[-112.20346122705639,33.748935436421675],[-112.2034416394428,33.748864431647036],[-112.20341761964217,33.748784315750747],[-112.20336630726811,33.748622269456938],[-112.20336485561997,33.746796019592757],[-112.20336010057726,33.743149238890908],[-112.20335534504514,33.739501840429732],[-112.20351189699292,33.739502504687295],[-112.20347828183556,33.732494916316476],[-112.20344084012049,33.724984538988579],[-112.20340269563022,33.724983940492692],[-112.20338153765552,33.719537232741189],[-112.20337604814604,33.718127256313672],[-112.20335183263583,33.712281964360756],[-112.20334829401629,33.711001328505276],[-112.2033155115715,33.711001404583072],[-112.20332256816889,33.712051365539693],[-112.20291428831936,33.712054664846796],[-112.20291593063328,33.71090536165304],[-112.20291870639996,33.710714164407648],[-112.20291926361385,33.709846359352532],[-112.20291621359104,33.709577251451954],[-112.20291081095603,33.708605933132333],[-112.20290357905586,33.706798614815654],[-112.20290421682211,33.705632787683186],[-112.20289683673478,33.705018766447878],[-112.20289902523271,33.704051739094972],[-112.20289268603814,33.702564741023998],[-112.20288956155267,33.701419368879961],[-112.20288905734736,33.701234612623495],[-112.20288307179331,33.698937834581237],[-112.20287811383159,33.697829328473944],[-112.19536283645647,33.697901288005575],[-112.18690806148356,33.697989450503286],[-112.17994740628008,33.698025344414091],[-112.17876457401258,33.698031596982865],[-112.1787847264177,33.69798626006046],[-112.17895541297361,33.697920722695045],[-112.17895496008769,33.697849587542336],[-112.17875614326428,33.6975127669903],[-112.17869714659534,33.697536288116055],[-112.17864586379241,33.697555593506635],[-112.17859492617671,33.69757380708252],[-112.17855247334771,33.697588306234877],[-112.17850253234408,33.69760448394328],[-112.1784631566247,33.69761668723806],[-112.178405021324,33.69760770265659],[-112.17836736267924,33.697644021066083],[-112.17830708235111,33.697659566508321],[-112.17826386434156,33.697670057461799],[-112.17821362928011,33.697681456441465],[-112.17817263853789,33.697690219485246],[-112.17812339146531,33.697699983867032],[-112.17807395150872,33.69770903133989],[-112.17801422403699,33.697695446597805],[-112.17794713962098,33.697729062365092],[-112.17787276338781,33.697739083158801],[-112.17781071594116,33.697746582423747],[-112.17773109362827,33.697754937778313],[-112.17765312065535,33.697761808282173],[-112.17759461481178,33.697766210906302],[-112.17752966337558,33.697770223117011],[-112.17744812417592,33.697749208868913],[-112.17737529938633,33.697755831980004],[-112.17585711520066,33.697798351190855],[-112.17268582375547,33.697816901897504],[-112.17187511659625,33.697800141061762],[-112.17154102135088,33.697791700986954],[-112.17075881707579,33.697775750719217],[-112.16969249934257,33.697780822035902],[-112.16969263881501,33.697828402491567],[-112.16951179699116,33.697828256043607],[-112.16933416813828,33.690882533560135],[-112.16940362360012,33.683566492985051],[-112.16937109736283,33.681691121198654],[-112.16943969876907,33.681690326808059],[-112.16940797493602,33.679879031594147],[-112.16937618571552,33.678063946099648],[-112.16931220874122,33.678064648546069],[-112.16927022730411,33.676313054760875],[-112.16915954575482,33.670279775424248],[-112.16935050231326,33.670278593678418],[-112.16947319232609,33.670278342791711],[-112.16943344648939,33.66900059241059],[-112.1693689133152,33.667057616230146],[-112.1691926875329,33.661751182059952],[-112.16895662267228,33.654501610146291],[-112.16908474481694,33.647229756111152],[-112.16917362522815,33.642789332531628],[-112.1692412569513,33.639184317511813],[-112.16935394237665,33.639180209450117],[-112.16935385963194,33.639012390614766],[-112.16933336395395,33.638850626751541],[-112.16925080939342,33.638851482482394],[-112.16842896959963,33.632377426491487],[-112.16849063576993,33.625218280103574],[-112.16855838660851,33.618009682071509],[-112.16862339953185,33.610797327024024],[-112.1687067715802,33.603600665727491],[-112.16879030129435,33.596392733138465],[-112.1688029143407,33.595302020551145],[-112.1686695654431,33.595275182856348],[-112.16809282065127,33.595174498189614],[-112.16806435239208,33.595169287518729],[-112.16800388881092,33.595156605963979],[-112.16794700765476,33.595142617152618],[-112.16787948060887,33.595123318203321],[-112.16780785840859,33.595099501058328],[-112.16774664509769,33.595076256385951],[-112.16765421269766,33.59503571392306],[-112.16758130769513,33.594998677116642],[-112.16748312749488,33.594940818069745],[-112.16740366285599,33.594886227240046],[-112.16733043252751,33.594828603333518],[-112.16726338860335,33.594768416419662],[-112.16719589086594,33.594698897117524],[-112.16713572679059,33.59462720275878],[-112.16709675670452,33.59457437112011],[-112.16707071353277,33.594535482982877],[-112.16703622371216,33.59447836588253],[-112.16701675428955,33.594442559031734],[-112.16699706049786,33.594402970953055],[-112.16696741223487,33.594334757342708],[-112.16694309558144,33.594267090847914],[-112.16692498174665,33.594204850713631],[-112.16690929873533,33.594134863662262],[-112.16689442191489,33.594056324975874],[-112.16687965521584,33.593978382447872],[-112.16686720620835,33.593912656978958],[-112.16683832979268,33.593760203224633],[-112.1668125682822,33.593624219300331],[-112.16678777389913,33.593493323288719],[-112.16677326081654,33.593416710411418],[-112.16676203963701,33.59336217357572],[-112.16674583399879,33.5932953371168],[-112.16672693947845,33.593228736947296],[-112.16670353504678,33.593157229154642],[-112.16667872599,33.593090580464633],[-112.16664993020254,33.593021650478008],[-112.16661978644997,33.592956727499534],[-112.16658926311612,33.592896815455234],[-112.16656515677012,33.592852866390182],[-112.16654015684456,33.592809930503961],[-112.16651312773229,33.592763675998405],[-112.16648850109146,33.592728319196311],[-112.16646283333299,33.592688363813728],[-112.16643243043438,33.592648519671101],[-112.16640549771913,33.592612887178461],[-112.16636553959691,33.592564295182711],[-112.16632525845785,33.59251527508836],[-112.16599756240177,33.592140057181055],[-112.16578657388986,33.591898564543321],[-112.16531495548048,33.591358845520006],[-112.16495782215065,33.5909495003784],[-112.16441357683171,33.590297992896289],[-112.16426894046084,33.590122876685541],[-112.16407754543637,33.589893604805241],[-112.16399051415031,33.589785780992401],[-112.16391155205515,33.589697715121517],[-112.16387547797956,33.589662861603976],[-112.16383248521009,33.58962122531166],[-112.16377552190669,33.589574609472663],[-112.16371656684895,33.589529665810808],[-112.16366560877299,33.5894930500436],[-112.16360467480897,33.589453117708082],[-112.16353676752405,33.589414870229902],[-112.16348383769689,33.58938576946634],[-112.16344989122067,33.589369146651173],[-112.16340496490039,33.589348373777455],[-112.1633551757422,33.589328935269656],[-112.16315937447328,33.589246230133739],[-112.16288380677524,33.589132632955632],[-112.16256944861415,33.589005403651186],[-112.16231290099809,33.588898269910686],[-112.16209928408016,33.588811074723388],[-112.16196651825778,33.588756261727944],[-112.16184773185766,33.588707263811436],[-112.16174291826475,33.588664081027503],[-112.16166505366215,33.58863085691673],[-112.16156305524255,33.588586780699771],[-112.16146640988441,33.588548638415887],[-112.16136658853299,33.588507946402636],[-112.16126431996325,33.588464618013944],[-112.16115396144789,33.588418243899874],[-112.16104415433945,33.588371731182001],[-112.1607656113213,33.588242104204596],[-112.16065378085204,33.588184747525332],[-112.16051898232769,33.588114084686609],[-112.16025436881999,33.587974414234537],[-112.16009857762923,33.587887365568143],[-112.15995220347114,33.587787026570396],[-112.1598438514288,33.587713202646547],[-112.15943476805791,33.587424959921073],[-112.15929741794494,33.587328848582949],[-112.15914554561361,33.587223907721942],[-112.15895692742117,33.587090434142254],[-112.15743513432714,33.584933916727977],[-112.15729706471369,33.584755003193351],[-112.15713965547633,33.584579853799028],[-112.15697180377637,33.584418534774166],[-112.15679042567895,33.584267286865391],[-112.15659138335607,33.584123578590045],[-112.1564851647028,33.584055016053227],[-112.15638311409099,33.583993915279741],[-112.15625755967862,33.583924625965402],[-112.1561042224649,33.583848151208542],[-112.15595962328982,33.583783578821553],[-112.15582661360283,33.583730202503986],[-112.15442959212615,33.583163953958966],[-112.15359909058003,33.582827302893875],[-112.15277131727633,33.582491751337336],[-112.15249299326766,33.582376827867627],[-112.15237934585244,33.582322715600007],[-112.15229595031363,33.582279525168431],[-112.15220077917814,33.582226380692404],[-112.15191886883429,33.582051321271678],[-112.15171827173978,33.581925164296017],[-112.15166126290953,33.581887766241039],[-112.15170955575543,33.574782766743006],[-112.15175917921428,33.567581592636806],[-112.15173022421955,33.560373869948911],[-112.15170012647573,33.553177376202974],[-112.15155275046746,33.545767122180443],[-112.15157041425104,33.538510667452741],[-112.15159168007608,33.531252248819875],[-112.15162518261342,33.523985427014097],[-112.15165865436779,33.516735804156482],[-112.15169311015482,33.509998911683553],[-112.15177513180546,33.509999099598211],[-112.15177687230094,33.509619988672121],[-112.15222430459997,33.509620859216966],[-112.1522251437267,33.509438946969922],[-112.15223494148911,33.509347375246136],[-112.15297401589626,33.509348793040537],[-112.16016807762851,33.50936265898477],[-112.16877576994325,33.509378663798628],[-112.17281359947906,33.509405092849818],[-112.17346987829288,33.509409448041716],[-112.17756674401913,33.509436572694582],[-112.18635892401161,33.509494198668882],[-112.18635907298659,33.509477708251239],[-112.19505611839601,33.509371971710372],[-112.20152062011645,33.509290555113594],[-112.20245523896199,33.509275672305421],[-112.20291355765275,33.509268372706686],[-112.20298037656366,33.509265953664709],[-112.20321445503365,33.509254713160402],[-112.2117967858206,33.509075716560012],[-112.21186934223472,33.509074202501246],[-112.22051593485766,33.508893261552721],[-112.22910835241451,33.508798118920105],[-112.23772009717085,33.508703509354433],[-112.2463974443629,33.508702804313842],[-112.25488260552592,33.508702664904732],[-112.25510949833748,33.508702735119108],[-112.25520995081042,33.508693825370017],[-112.25794545878603,33.508616839237767],[-112.26384718640725,33.508460589105439],[-112.27146638908948,33.508242260607474],[-112.2724922010707,33.508220286362771],[-112.27286304098439,33.508146296251212],[-112.27270717790682,33.508415317605582],[-112.27262927471982,33.514111850996521],[-112.27260439399983,33.515572237944752],[-112.27255265155371,33.519193949326571],[-112.27250291958917,33.522465968513892],[-112.27249898440824,33.52279107477387],[-112.28018849718291,33.52270779062421],[-112.28006813970211,33.522463228821202],[-112.28032808397047,33.522456859307425],[-112.28031976419739,33.522515263830293],[-112.28125218482531,33.522488436437406],[-112.28125173213213,33.522361772587253],[-112.28999444734234,33.522318067072227],[-112.29438313228219,33.522133188983268],[-112.29437553354641,33.51893700317067],[-112.29867271505201,33.518757040275389],[-112.29866118396988,33.515136140913029],[-112.30675729974791,33.514798941988239],[-112.30684608481575,33.521608407780981],[-112.30692811785501,33.521607992693447],[-112.31538352538497,33.521543590340485],[-112.32377543931661,33.521527146124932],[-112.32376458053456,33.514695947122263],[-112.32394620176923,33.514695548011439],[-112.32406466438975,33.5146973901252],[-112.3240368137151,33.507569743805739],[-112.3239880356156,33.503928777807246],[-112.32387647047331,33.503927660432645],[-112.3236982763701,33.503926525509442],[-112.32364634701753,33.50035351467718],[-112.32360855446966,33.496773345371523],[-112.32360720303427,33.496705347652444],[-112.3196123859243,33.496666964855528],[-112.31956810788188,33.493416990053838],[-112.31947078500649,33.493415709663182],[-112.31903579543305,33.493412359999731],[-112.31844008169534,33.493405242613179],[-112.31591177543112,33.493372857012538],[-112.31469728169183,33.493358432564328],[-112.31287043132765,33.493341874340068],[-112.31151646314061,33.493330068748953],[-112.31093295884556,33.493325031061808],[-112.31063965182835,33.493322495518598],[-112.30904905904615,33.493309628621091],[-112.30835970128088,33.493304204881063],[-112.30667631476891,33.493291169312059],[-112.30657046929157,33.493299928817819],[-112.30657049695591,33.493278291026421],[-112.30635994946684,33.493285266275421],[-112.30635979220253,33.493258214829623],[-112.30283597307529,33.493384500896234],[-112.30283587728694,33.493439770380746],[-112.30260121944571,33.493448194047986],[-112.3026010016343,33.493393183884088],[-112.30125417677739,33.493436823660417],[-112.29865460518813,33.493521012751891],[-112.29865474315203,33.493589781387108],[-112.29643821740439,33.493670936967789],[-112.2964387872034,33.493616619696724],[-112.29609891139695,33.493629379798854],[-112.29609876392811,33.493683558358747],[-112.29436144707196,33.493746718479279],[-112.29436187661814,33.493677931607735],[-112.2924650387224,33.493747259569574],[-112.29246404358123,33.493816070141719],[-112.29020046451353,33.493899634190093],[-112.29019731762546,33.494036868529406],[-112.29008903928751,33.494040380205945],[-112.29009346175121,33.493791443794812],[-112.2870526881115,33.493816449897075],[-112.28509658285606,33.493830627971334],[-112.28480843283771,33.49383239132063],[-112.28307548106025,33.493846800520068],[-112.28257952899898,33.493850920909928],[-112.28216788216852,33.493854337201924],[-112.28174757254253,33.493857827119207],[-112.28166897789265,33.49385847914548],[-112.28137284978959,33.493860934098755],[-112.28122863175297,33.493860195921222],[-112.27243940402933,33.493925106656434],[-112.27243028213751,33.486533496163432],[-112.27244543591689,33.47936540772244],[-112.27244563567712,33.479274670262605],[-112.27242267046338,33.47927524187913],[-112.27245196792823,33.472107439770227],[-112.27247024587898,33.468341071321539],[-112.27238825264283,33.468343021609762],[-112.27240171298185,33.465580681719295],[-112.27202767202732,33.465586157361649],[-112.27116962512285,33.464864503680538],[-112.27103504273119,33.464867647812071],[-112.26964278897475,33.464888563405303],[-112.26393863602885,33.464973739798175],[-112.2552510229922,33.465154796629747],[-112.25525259432165,33.465218210781899],[-112.24658387402091,33.465352829275233],[-112.23814029401937,33.465478598348845],[-112.23808078459474,33.465178499447966],[-112.23810603646103,33.464366276026475],[-112.23806660218901,33.46436637826789],[-112.23816879361594,33.461380303856707],[-112.23816433628838,33.461149914464514],[-112.23870340546077,33.46115766193207],[-112.2387054147608,33.461027988841956],[-112.23855438035608,33.460915082461952],[-112.23835935313986,33.459116464487579],[-112.23834550248309,33.458103254705513],[-112.23851992290562,33.451824394572164],[-112.23852576427407,33.451627928714608],[-112.23833897545185,33.451644362220833],[-112.23794955100905,33.451635189166623],[-112.2340463332277,33.451617988576686],[-112.23404668638213,33.451705938257312],[-112.22975652656997,33.451686764387219],[-112.22248386571665,33.451669730204479],[-112.22248425157335,33.451618997070995],[-112.22186466799407,33.451613479579123],[-112.22146456940638,33.451469193073102],[-112.22139899925077,33.451468969465417],[-112.22139758228656,33.449503870688339],[-112.22136487913713,33.449504006020881],[-112.22136389179171,33.448241840398822],[-112.22144915388468,33.448182172566099],[-112.22145143148735,33.448024421365325],[-112.22144530670045,33.448024266020298],[-112.22143942384784,33.448023917694286],[-112.22143100727334,33.448022792309025],[-112.2214209175533,33.448020412280542],[-112.22141185443948,33.448017218958242],[-112.22140168343488,33.448012219928678],[-112.22139393172431,33.448007151740363],[-112.22138695771584,33.448001345076541],[-112.22138086332086,33.447994879389697],[-112.22137636367758,33.447988813794559],[-112.22137263651494,33.447982391760917],[-112.22136972796204,33.447975679136505],[-112.22136742139118,33.44796766780081],[-112.22136617205017,33.447957287518193],[-112.2213653697703,33.446875521605094],[-112.22136891910507,33.446855477242217],[-112.22137965931211,33.44683671793819],[-112.22139406696409,33.446823256729722],[-112.22141216897391,33.446813414293274],[-112.22143091320113,33.446808157310898],[-112.22143162316716,33.446640873072646],[-112.2213672415007,33.446641031287662],[-112.22136458975152,33.445640679272074],[-112.22136370082832,33.44450779615363],[-112.22136003682034,33.4442699580867],[-112.22137971039811,33.444269994945785],[-112.22137757210574,33.44416005697552],[-112.22135790182151,33.444160017359565],[-112.22129259822607,33.440798634517556],[-112.22131227102034,33.440798671391761],[-112.22131013293345,33.440688733357845],[-112.22129046016398,33.440688696483136],[-112.22122586343242,33.437352380673751],[-112.22128551499485,33.437300768054179],[-112.22149354025224,33.437304613107152],[-112.22157620967522,33.437330577190906],[-112.22169091608311,33.437328448217698],[-112.2217721344302,33.437299448189492],[-112.2218754710255,33.43729694300481],[-112.222063060721,33.437292394376108],[-112.22262657702804,33.437278731202596],[-112.22293730114268,33.43726371666564],[-112.2229365454598,33.437222171310481],[-112.22293384606925,33.437040719103116],[-112.22956919090022,33.436973255822082],[-112.22965920786449,33.436973454676981],[-112.22973048265776,33.436974189989485],[-112.23285295451237,33.437003943436792],[-112.2331990343344,33.437007295886197],[-112.23387813366575,33.437013869138582],[-112.23403911570813,33.437018846852467],[-112.23811506457369,33.437054796981769],[-112.23829315080077,33.437063899622146],[-112.23839833594585,33.437049101631636],[-112.23859285390802,33.437034761541604],[-112.23940546670089,33.436974856700317],[-112.24147249442842,33.436813426936546],[-112.24287769109063,33.436703665278884],[-112.24682399689335,33.43639535645373],[-112.25274212086391,33.435884118365614],[-112.25511749092173,33.435682903552014],[-112.25713562031238,33.435674757847764],[-112.263656601118,33.43564558156843],[-112.26376510413439,33.435645621499937],[-112.26431638425139,33.435649827028612],[-112.26808428731159,33.43563574227781],[-112.26968209322361,33.435629731502111],[-112.26968241578979,33.435576626520323],[-112.27213445488157,33.435566607914602],[-112.27265571785708,33.435556375731231],[-112.27482869641169,33.435536561787089],[-112.27482866005012,33.435587555194331],[-112.27668582261605,33.435565888458157],[-112.28105911622296,33.435514754626993],[-112.28537986469885,33.435451450286124],[-112.28957904678391,33.435394154584856],[-112.28950642051701,33.428160208969366],[-112.28945484891237,33.421073938835228],[-112.28932192068582,33.41368209270135],[-112.28934021999552,33.413683488878291],[-112.28928015910354,33.410039678646001],[-112.28924959798763,33.410039866618284],[-112.28918616303451,33.406546521822513],[-112.28918469558801,33.406389274714684],[-112.28894549127045,33.406390435141347],[-112.28894197266219,33.406239276352345],[-112.28907041844307,33.406128732935926],[-112.28905362032729,33.405414296988461],[-112.28908641642406,33.405413753317688],[-112.28902354976323,33.402739947888712],[-112.28894775751567,33.399506652517694],[-112.28902960413231,33.399506338232833],[-112.28901986960311,33.399097734554132],[-112.28892970441829,33.395535481816502],[-112.28892564956999,33.395375207965451],[-112.28891732090777,33.395046325044511],[-112.28890716317055,33.394644991817906],[-112.28888690701784,33.393844633752444],[-112.28887552446213,33.393394929717182],[-112.28884421068142,33.391872602622016],[-112.28880061058366,33.389810940280412],[-112.28874863467721,33.387326055475945],[-112.28873380383135,33.386742445873494],[-112.28873509844982,33.38658259549274],[-112.28897371501176,33.386487785973898],[-112.28894401552765,33.384974796905205],[-112.28894731881459,33.383013253049803],[-112.28895529495776,33.380722917823164],[-112.28873909354299,33.380722738826265],[-112.28873807859513,33.381013642980584],[-112.28871514708449,33.38101371996283],[-112.28871379649544,33.381401217441777],[-112.28861465977759,33.381403070146916],[-112.28861270516981,33.381051696480284],[-112.28670137086803,33.381045349271581],[-112.28456815754608,33.381042021578686],[-112.28461292441639,33.384812144728215],[-112.2718488694596,33.384784847597032],[-112.27179331760992,33.383195230106232],[-112.27161404947616,33.383162470810269],[-112.27155069363089,33.383150344656599],[-112.27145479967511,33.383135722493698],[-112.27140653983712,33.383130022838628],[-112.27134194144172,33.383124111504408],[-112.27124467689987,33.383118865125837],[-112.27114721711544,33.38311797818475],[-112.27108227014871,33.383119812690872],[-112.2710336379639,33.383122458084365],[-112.27096895370138,33.383127677805156],[-112.27092061024612,33.383132856351345],[-112.27082449993033,33.383146452101087],[-112.27072939302164,33.383164326915271],[-112.270682299736,33.383174855678121],[-112.27062005909771,33.383190523146212],[-112.27055852373419,33.3832080409912],[-112.27051288074333,33.383222377580111],[-112.27042304193607,33.383254089057466],[-112.27037891481349,33.383271439015644],[-112.27032096279542,33.383296100606238],[-112.27023608210762,33.383336295861803],[-112.27015388318843,33.38338022948561],[-112.27010068529036,33.383411536797411],[-112.27005051958604,33.383445735011207],[-112.27002822905392,33.38346513618778],[-112.2699948655212,33.383494289958918],[-112.26996158415612,33.383523514945423],[-112.26991734478879,33.383562582884338],[-112.26987325001659,33.383601771325338],[-112.26982930638049,33.383641077501565],[-112.26978551388052,33.383680501413174],[-112.26969200085031,33.383754930139652],[-112.26965431163627,33.383780586420365],[-112.26961574388672,33.383805302488057],[-112.26954960026391,33.383844358374532],[-112.26950884662475,33.383866472395951],[-112.26946733865357,33.383887574390052],[-112.26942511232123,33.383907647763472],[-112.26938220358761,33.383926673174528],[-112.26930926851341,33.383956010665777],[-112.26926471665215,33.38397216588254],[-112.2692196230535,33.383987220515358],[-112.26914335511982,33.384009822812523],[-112.26909058581633,33.384024932176857],[-112.26905101341097,33.384036994558627],[-112.26894189880385,33.384065167535908],[-112.26884732109029,33.384086257780055],[-112.26873593331005,33.384107255468052],[-112.26862359598559,33.384124331039445],[-112.26851050559539,33.38413745919911],[-112.2684131234374,33.384145551653212],[-112.26829916128965,33.384151291654341],[-112.26818501267897,33.384153033162889],[-112.26807087746069,33.384150775612397],[-112.26795695551228,33.384144523934012],[-112.26785962767829,33.384135993501324],[-112.2677466228634,33.384122354094579],[-112.26765037380586,33.384107523870917],[-112.26755481756312,33.384089811294757],[-112.26744437792844,33.384065539061211],[-112.26731007371576,33.384019654802152],[-112.26717627332906,33.383972746570748],[-112.26707402501593,33.383932350768994],[-112.26697082714439,33.383893691800353],[-112.26688164925916,33.383861949377938],[-112.26677680365125,33.383826551745763],[-112.26667112656222,33.383792929084798],[-112.26657992531561,33.383765537364532],[-112.26647282681692,33.383735252345772],[-112.26638046436557,33.383710735825105],[-112.26630316829856,33.383693495774601],[-112.26625654748422,33.38368394449386],[-112.26619412370513,33.383672145536231],[-112.26613142903207,33.383661416436048],[-112.26608424378433,33.383654076390322],[-112.26603692992092,33.383647341335859],[-112.26597366291894,33.383639307195281],[-112.26592609268032,33.383633996489351],[-112.26587842987021,33.383629293421244],[-112.26581475770197,33.383623978503586],[-112.26575008084615,33.383623028084109],[-112.26568509327986,33.383623026701393],[-112.26563635424124,33.383622820194795],[-112.26555512418744,33.383622075620117],[-112.26549014592784,33.383621123163977],[-112.2653926974594,33.383619099334979],[-112.26534398035263,33.383617820777289],[-112.26526297032744,33.383620491650149],[-112.26519811372516,33.383623754739695],[-112.26513819332988,33.383625165259495],[-112.26510067944382,33.383625287066693],[-112.26505195791113,33.383624541595729],[-112.26500327492363,33.383622781839158],[-112.26493847161113,33.383618871328487],[-112.26488998892812,33.383614761086335],[-112.26484163985587,33.383609650034067],[-112.26480949884105,33.383605686305955],[-112.2647614331963,33.383599351390941],[-112.26469752553271,33.383589999165622],[-112.26461795955274,33.383576865036218],[-112.26455458982494,33.38356520257593],[-112.26444438334551,33.383542342436108],[-112.26436625503398,33.38352411683443],[-112.264288143781,33.383504407001382],[-112.26420923205941,33.383486057068346],[-112.26414564330928,33.383472836671011],[-112.26406564875381,33.383458156039062],[-112.26398515788897,33.383445532544989],[-112.26390424283662,33.383434979728079],[-112.26380669443751,33.38342506153689],[-112.26372715295527,33.383418022710615],[-112.2636488922073,33.383410928033399],[-112.26358625828047,33.383405471648892],[-112.26352359890589,33.383400204943278],[-112.26346077719083,33.383394479677285],[-112.26339729603016,33.383388511614342],[-112.26334949381489,33.383385762073466],[-112.26330160574081,33.383384491391453],[-112.26322177260661,33.383385670762081],[-112.26314217856932,33.383390966512451],[-112.2630788740929,33.383398154369168],[-112.26298251333304,33.383400201483418],[-112.26291759975877,33.383398164630876],[-112.26285266845883,33.383396614260043],[-112.2627877226973,33.383395547613425],[-112.26270652930121,33.383394902761985],[-112.26262533235786,33.383395016424849],[-112.26254414499107,33.383395894062275],[-112.26246297045294,33.383397530168409],[-112.26239804936031,33.383399384795077],[-112.26231693264751,33.383402389346351],[-112.26221965158751,33.383406997188857],[-112.26209007470685,33.383414841752931],[-112.26197684782395,33.383423300311151],[-112.26187993236374,33.383431729890617],[-112.26179927704086,33.383439586489551],[-112.2617028947006,33.383451120137082],[-112.26162362416373,33.383465371040664],[-112.2615283024077,33.383481678319178],[-112.26143277408427,33.383497120353255],[-112.26135302034452,33.383509322122244],[-112.26127313643126,33.383520919554094],[-112.26117711399449,33.383534037619611],[-112.26109697252355,33.383544302680527],[-112.26100066196722,33.383555816345329],[-112.26087202626151,33.383569805191947],[-112.26072703915152,33.383583677077347],[-112.26061409744447,33.383593098290277],[-112.26051720398837,33.383599710055144],[-112.26040422556771,33.383603975185984],[-112.2602751047215,33.38360877411808],[-112.26014598353568,33.383613490464931],[-112.25995228638149,33.383620410865689],[-112.25983929355603,33.383624359456633],[-112.25969400921628,33.3836293481383],[-112.25956474096196,33.383634171474604],[-112.25945087767244,33.383641717020367],[-112.25936959156051,33.383647556460133],[-112.259288346205,33.38365376676785],[-112.25917467329437,33.383663089747827],[-112.25907730902003,33.383671661295637],[-112.25896380519497,33.383682344072803],[-112.25886659285321,33.383692077608472],[-112.25880183165091,33.383698866035651],[-112.25873710413504,33.383705893446795],[-112.25864077018903,33.383716580827127],[-112.25854574245366,33.383726195408336],[-112.25846645036106,33.383733460679586],[-112.25840295448188,33.383738783267013],[-112.25830761899702,33.383745949691395],[-112.25822809609878,33.383751170638227],[-112.2581644365372,33.383754855509373],[-112.25810074250145,33.383758103447555],[-112.25801984174862,33.383761167811024],[-112.25797080160118,33.383762731838779],[-112.25788906002298,33.383765248749683],[-112.25775826409581,33.383769052001476],[-112.25762745725513,33.383772580305703],[-112.25748029004559,33.383776213861331],[-112.25726769018114,33.383780843091039],[-112.25708778389028,33.38378418673927],[-112.25692422229177,33.383786770737395],[-112.25674429242011,33.383789113535819],[-112.25656435392042,33.383790925656335],[-112.25643348470392,33.383791916102467],[-112.2562698966548,33.383792762323615],[-112.25608994293188,33.383793191354115],[-112.25594271220555,33.383793151401555],[-112.25581183784038,33.383792819227104],[-112.25569732680607,33.383792302050963],[-112.25558281495113,33.383791573144819],[-112.25538651494048,33.383789825083937],[-112.25522293903622,33.383787891262081],[-112.25504301604417,33.383785259724235],[-112.25484674871356,33.383781792971952],[-112.25466685098193,33.383778064209217],[-112.25451967591489,33.383774622648964],[-112.25428973637163,33.383769292556529],[-112.25415680291735,33.383751550389768],[-112.25410858943306,33.383744934160674],[-112.25404442378677,33.383735535921844],[-112.25396441546499,33.383722860639352],[-112.25390058157456,33.38371198278643],[-112.25382101826079,33.383697459278885],[-112.25375756857125,33.383685107167388],[-112.25367851585875,33.383668751748559],[-112.25359977376429,33.38365138127724],[-112.25353700989525,33.383636754265908],[-112.25347446634905,33.383621486248174],[-112.25338108377684,33.383597377815811],[-112.2532728250528,33.383567439079378],[-112.25318065917682,33.383540229751475],[-112.2530134424396,33.383486825392843],[-112.25283239252957,33.383427846045542],[-112.25265084254897,33.383369958900417],[-112.25246880233065,33.383313166677127],[-112.2523025648732,33.383262026134737],[-112.25215249734667,33.383214912041403],[-112.25197299934081,33.383157095308427],[-112.25176407776033,33.383087781501651],[-112.25162744961943,33.383041628154494],[-112.25147581587996,33.382989979859673],[-112.25127897018727,33.382922262457157],[-112.25108526956517,33.382858760555372],[-112.2509039607625,33.382806787493578],[-112.25071687086007,33.382761049350705],[-112.25052538848108,33.382724015924403],[-112.25031544484757,33.382694466247209],[-112.25012627099288,33.38267594745669],[-112.2499585441717,33.382657945204699],[-112.24979043340321,33.38263803636751],[-112.24963308727499,33.382620571984432],[-112.24950403754656,33.382613731042845],[-112.24937472745412,33.382614217896041],[-112.24918107856607,33.382628319410294],[-112.24901934627908,33.382646246136645],[-112.24885810991434,33.382667101118308],[-112.24869745131451,33.382690873144675],[-112.24848957597595,33.382726122088009],[-112.24831484123793,33.382759715549618],[-112.24817317928513,33.382789309466283],[-112.24800079930732,33.38282796149614],[-112.24784487038818,33.382865453543367],[-112.24768972621732,33.382905177750295],[-112.24748928916485,33.382960135937694],[-112.24729035984021,33.383018819362839],[-112.24672459008784,33.383191077658203],[-112.24649604895389,33.383262332772475],[-112.24626898739677,33.383336840389944],[-112.2461936131138,33.383361564487387],[-112.24611774328775,33.38338520423693],[-112.24604288452068,33.383411130673302],[-112.24596609559282,33.383432576798633],[-112.24588887656724,33.383452916412629],[-112.24581125691022,33.383472143939549],[-112.24573176929606,33.383486874493101],[-112.24565489425484,33.383507240533717],[-112.24509172145679,33.383585964745457],[-112.24453027480224,33.383669233193153],[-112.24441812270678,33.383684428465109],[-112.24428948372855,33.383699199927655],[-112.24416191823119,33.383714570323875],[-112.24404873404863,33.383722773310467],[-112.24391914761978,33.38372952980901],[-112.24380413498167,33.383729764288411],[-112.24367431264078,33.383731268962883],[-112.24354448310088,33.383729975650475],[-112.24343099298653,33.383729106414833],[-112.24322031302458,33.383733967627947],[-112.24302628237581,33.383745916802098],[-112.24283306787108,33.383765006617317],[-112.24267294359174,33.383786342613519],[-112.24257735476704,33.383801498214666],[-112.24248254846394,33.383818295230718],[-112.24238817741553,33.3838367345748],[-112.24227868342145,33.383860320046864],[-112.24218539346967,33.383882296338697],[-112.24209266971742,33.383905892631383],[-112.24200054487969,33.383931097846855],[-112.24190906804171,33.383957898115831],[-112.24180320696993,33.383991170000748],[-112.24171679047979,33.38402119723456],[-112.24067397654784,33.384383403445611],[-112.24060106928705,33.384413248971839],[-112.24056107786542,33.38443447203624],[-112.24051433613559,33.384465895518829],[-112.2404626206132,33.384506874400394],[-112.24040015694237,33.384567526850269],[-112.24033476284545,33.384618935799693],[-112.24023743964291,33.384692467367429],[-112.24017377093406,33.384733007312981],[-112.24010757800151,33.384778437708526],[-112.24001718026108,33.384842260201232],[-112.23995350227723,33.384891858780108],[-112.23991213668263,33.384921638231368],[-112.23979560885343,33.385020172178159],[-112.23971956601433,33.385084704644854],[-112.23968321288415,33.385111865490828],[-112.23946429328515,33.385297619398379],[-112.23942522735639,33.385327444925295],[-112.23937392749551,33.385370362639556],[-112.23932517290703,33.385414100983716],[-112.23928743648798,33.385444676071991],[-112.23922665479827,33.385495440313754],[-112.23917950496795,33.38553196812861],[-112.23909315465707,33.385601883621511],[-112.2389572509162,33.385729135654891],[-112.23892633396868,33.385760264591262],[-112.23888938683845,33.385804167241176],[-112.23885912834305,33.385835294451169],[-112.23878704169536,33.385918477698397],[-112.23875504695552,33.385952324806496],[-112.23870107294661,33.386014765557611],[-112.23856533675284,33.386182475895325],[-112.23850056716979,33.38625373118591],[-112.23842731157116,33.386342611933408],[-112.2383955354713,33.386380751378852],[-112.23829931248851,33.386496917216945],[-112.23824554985768,33.386562669038824],[-112.23819438570966,33.386623227878012],[-112.2381123320678,33.386715443048061],[-112.23802393980498,33.386817725467388],[-112.23795104075494,33.386897807383384],[-112.23792653044015,33.386924249954447],[-112.23777658142754,33.387080103884827],[-112.23774136509329,33.387120118223073],[-112.23768882733404,33.387181513168791],[-112.23763286133594,33.387245244850789],[-112.23759594233539,33.38728912504957],[-112.23751490876268,33.38737753889535],[-112.23747544118919,33.387418864139278],[-112.23742874839651,33.387461672940049],[-112.23736249680452,33.387511708329988],[-112.23728289631337,33.387569377489307],[-112.2372186156974,33.387609279864357],[-112.23712087459504,33.387664291347619],[-112.23712557420532,33.391805951264175],[-112.2370201188825,33.391804656937985],[-112.23690384275761,33.391806344970327],[-112.23686777498412,33.399067303171627],[-112.23708351334405,33.399055615306494],[-112.23732962161407,33.399068526410296],[-112.23743821472971,33.399074226249958],[-112.2393237469724,33.399069005313855],[-112.23932603466531,33.400015138938969],[-112.23931918606982,33.400199466671346],[-112.23932076676029,33.40269722002914],[-112.2399439271595,33.402698654279263],[-112.24196241820191,33.402703155094173],[-112.24360900601087,33.402706803341935],[-112.2453001220085,33.402710388769407],[-112.24551861727855,33.402710846040598],[-112.24562016370609,33.40271044495416],[-112.24564085280269,33.399857403665671],[-112.24564222749606,33.399664831215475],[-112.24564527064049,33.399028083984916],[-112.24604772996638,33.399028200924],[-112.25394760937135,33.399031773600051],[-112.25395236954452,33.402775911832798],[-112.25395313683148,33.402871875257155],[-112.25395590560119,33.402954102286778],[-112.2539606238235,33.403036263551499],[-112.25397752394532,33.403213911965537],[-112.25399040005246,33.403309270800243],[-112.25400353398422,33.4033907852954],[-112.25403558924431,33.403553081213289],[-112.25405449722096,33.40363379670945],[-112.25407897050647,33.403727540921913],[-112.25410200772065,33.403807497617926],[-112.25412693744123,33.403887053393547],[-112.25415839795645,33.403979321936788],[-112.25418739057231,33.404057901962439],[-112.25422356187535,33.404148948380964],[-112.25445769840846,33.404695705004407],[-112.25450679846877,33.404826784885906],[-112.25455562644581,33.404978962114257],[-112.25459864933377,33.405133188936745],[-112.25461468184143,33.405200560485433],[-112.25462929963393,33.40526815850405],[-112.25464249606927,33.405335961024058],[-112.25466265800546,33.405458456729512],[-112.25467818174135,33.405581426793582],[-112.25468905039433,33.405704747586618],[-112.25472870772521,33.406421386101997],[-112.25474638946696,33.406674178589398],[-112.25295567947748,33.406872179633524],[-112.2530788318881,33.410414975415826],[-112.24667648253951,33.411116353411579],[-112.24662261930258,33.411122257288781],[-112.24560929922373,33.411233333413811],[-112.24454208675157,33.411350304321026],[-112.24240764644594,33.411584221406336],[-112.24233104783602,33.409763250482044],[-112.24227377385397,33.408401640587961],[-112.2422584548931,33.408037395671229],[-112.24012724625952,33.408273425144642],[-112.2380923209387,33.408498752251738],[-112.23809513990368,33.408532761753897],[-112.23787872701386,33.408533110585758],[-112.22968888354929,33.408545632812981],[-112.22710188887069,33.408558030565217],[-112.22519215616866,33.408562458772707],[-112.22409435979691,33.408565769145149],[-112.22128524515722,33.40855423955135],[-112.22126230624646,33.408554304112819],[-112.22125411729922,33.408334681106417],[-112.22121406278239,33.408334793171313],[-112.22121246324093,33.408301821909639],[-112.22125179030063,33.408301725373072],[-112.22112235145339,33.405158405839224],[-112.22036965977685,33.405167049966053],[-112.21971187132326,33.405041102636268],[-112.21912218798788,33.404821469027077],[-112.21870992264192,33.404623228576924],[-112.21706133159168,33.403753926200068],[-112.21705510914894,33.408566125130505],[-112.21272256162423,33.408578152123347],[-112.21272278801337,33.408558912845308],[-112.20890236784713,33.408529423877397],[-112.20890128797237,33.403677444379781],[-112.20876137783863,33.403694393348815],[-112.20876093945428,33.403651519439435],[-112.20781833461142,33.403890313764798],[-112.20751678181578,33.403966706240375],[-112.20739261100879,33.403993901262304],[-112.20733142648832,33.404005956141717],[-112.20714645572039,33.404036745310478],[-112.20708535879909,33.404044616808434],[-112.20702213937885,33.40405276258565],[-112.20694621307459,33.404060152017486],[-112.20688363890132,33.404066245912986],[-112.20560690955273,33.404151765270832],[-112.20410332106776,33.404235414370547],[-112.2041082283981,33.408162359149976],[-112.20428927235146,33.408163099416626],[-112.20428929412918,33.40819058878408],[-112.20435817543974,33.408248818677642],[-112.2044368486623,33.408249438762986],[-112.20443708494022,33.408400602525283],[-112.20443570505945,33.408565500998378],[-112.20428720757518,33.408688036082289],[-112.20428136210289,33.409361438589727],[-112.2042094844678,33.409360813653578],[-112.20418326700612,33.412497596461698],[-112.20770260618679,33.412522203701222],[-112.20770733096261,33.412024756019825],[-112.20838240382861,33.412029464388425],[-112.21092397130428,33.412046656095363],[-112.21108782303752,33.412047833952265],[-112.21268557175416,33.412059307626158],[-112.21267928530868,33.412650278576685],[-112.21267631387612,33.41292975287972],[-112.21267053695482,33.413472903312375],[-112.21266820123338,33.413692472178319],[-112.21266666843606,33.413836692042388],[-112.21266455378536,33.414035452317137],[-112.21266221575597,33.414255312497858],[-112.21266184566385,33.414290160199947],[-112.21265987772847,33.41447517541917],[-112.21265753640697,33.414695035592175],[-112.21265701959206,33.41474363108064],[-112.21265519836457,33.414914898497948],[-112.21265286030541,33.415134758647582],[-112.21265219675648,33.415197099172062],[-112.21265052224811,33.415354621537787],[-112.21264737670032,33.415650429804309],[-112.20960188791244,33.415631622804241],[-112.20415733769359,33.415597812452667],[-112.20390173105153,33.415594438592059],[-112.20391137828776,33.414326864677506],[-112.20277034009752,33.414316223823398],[-112.20278094830884,33.413049865007295],[-112.20392297575111,33.413063405825419],[-112.20393290186304,33.411740274781863],[-112.20210584209856,33.41171990185061],[-112.20203763627782,33.413041045145597],[-112.20149137324218,33.413028596965965],[-112.19893664650193,33.412998239410506],[-112.19541228551942,33.412956272363111],[-112.19544464088155,33.409455073068585],[-112.19545386707833,33.40845630570545],[-112.19545437635421,33.40840132845927],[-112.19545539159269,33.40829136297932],[-112.19544687137399,33.40819698582046],[-112.19977520667517,33.408260583634274],[-112.20284693372817,33.408294979642108],[-112.20281901638428,33.409624083905946],[-112.20395151797931,33.409638476588185],[-112.20396007080696,33.408616044068808],[-112.20382993019633,33.408504450059617],[-112.2038299894045,33.408303339082153],[-112.20399873634769,33.408305476931368],[-112.20399595998279,33.406929640879078],[-112.20399322226277,33.404769105113807],[-112.20398578965668,33.401137190511164],[-112.20330697955194,33.396521416077611],[-112.20323409394211,33.396518934954706],[-112.19447804002799,33.396220336794478],[-112.19447977430895,33.396242270627404],[-112.19068089718556,33.396121146481228],[-112.1859458353598,33.395970719162321],[-112.18621239862745,33.399991896426684],[-112.18632341135826,33.402000428339434],[-112.18645179226365,33.404008536951658],[-112.18634537728376,33.404003496855815],[-112.18646742264457,33.405875347655382],[-112.1866007977542,33.407920616001604],[-112.18661621293273,33.40805840067258],[-112.1866214892794,33.40813797717994],[-112.18650288802283,33.408136984650696],[-112.18639402956086,33.408136072519],[-112.18639691305223,33.408017228450312],[-112.17791170297504,33.407874191259474],[-112.177912060552,33.409126699785354],[-112.17791215874655,33.409472590463118],[-112.1775949230345,33.409624928147238],[-112.17557094004761,33.410595080192977],[-112.17557116343198,33.411463448382158],[-112.17402915956494,33.41143534419016],[-112.17402904154252,33.4109786356398],[-112.17556992398832,33.410243768884818],[-112.17556982717568,33.409866502554301],[-112.17402876411322,33.409840037101375],[-112.1732405037164,33.409830071467901],[-112.1732412515023,33.408742387328935],[-112.17303520099428,33.40873884457308],[-112.16969615565768,33.409664916115673],[-112.16963642587682,33.409682328063269],[-112.16963915768422,33.409529272643617],[-112.16963746533996,33.409403308921902],[-112.16963610224127,33.409301615600192],[-112.16963490213135,33.409212058855779],[-112.16963251491731,33.409032906859018],[-112.16971692142717,33.409026025906385],[-112.16967323959935,33.408548273545648],[-112.16959154875515,33.408553524630534],[-112.16951945320699,33.407765945770556],[-112.16920653022579,33.404379830644999],[-112.16920163144975,33.40432211603396],[-112.16919611106083,33.404251149916945],[-112.16909299009498,33.403507354887196],[-112.16941104063898,33.4035178412162],[-112.1690496581169,33.403164264387492],[-112.16896368762697,33.402515847607305],[-112.16884974232374,33.402526778748189],[-112.16869866506687,33.401383724620018],[-112.16866553694825,33.401382549625794],[-112.16852597062251,33.400333288281665],[-112.1686137032812,33.400336199382693],[-112.16856343742873,33.399284252763223],[-112.16928485990908,33.399312471682627],[-112.16994566463674,33.39933968605164],[-112.17090452406661,33.399378470254696],[-112.17158096324015,33.399405830770462],[-112.17277873566208,33.399454262052423],[-112.17287788019972,33.39945827068243],[-112.1742425063012,33.399513436830546],[-112.17582347762971,33.39958084217421],[-112.17715112801247,33.399630969003653],[-112.17735391073097,33.39963915939444],[-112.17729691883798,33.398860822711022],[-112.17727691793921,33.3985237763562],[-112.17724273940415,33.398075914070048],[-112.17718328343321,33.397167266948109],[-112.17709000127829,33.395815816230098],[-112.17792947342916,33.39582941252948],[-112.17823285704399,33.395834325210423],[-112.17872905846171,33.395842359061412],[-112.17888454801232,33.395844877950879],[-112.17924495624011,33.395850709294258],[-112.18194338111232,33.395894350828371],[-112.18559363004613,33.395961467750055],[-112.18551629435817,33.39475496699734],[-112.18533550975191,33.391933952327136],[-112.18532727929723,33.391845512856044],[-112.18573698368438,33.391842599682448],[-112.1941292202024,33.391830557512215],[-112.19405650607763,33.388293104599924],[-112.19405480923169,33.388210659083995],[-112.19403081971414,33.387043581728705],[-112.19401381660649,33.386216235105564],[-112.19399793847614,33.385443853918311],[-112.19398165326216,33.38465149539676],[-112.19397993739742,33.384569198287323],[-112.19396993790428,33.384090105164589],[-112.19388787864628,33.384090296717645],[-112.19256426487966,33.384096928834744],[-112.19257424989587,33.384575953414867],[-112.19257596783423,33.384658289020557],[-112.19117042622877,33.384665069154906],[-112.19115875895935,33.384104893294094],[-112.19113360811446,33.382897393525589],[-112.19111436838396,33.381973656010437],[-112.19109512913997,33.381049921101067],[-112.18968966979523,33.381057167840098],[-112.18966060611297,33.379660978411088],[-112.18963154387292,33.378264901340266],[-112.18961232508974,33.37734024758872],[-112.19479820868801,33.377313762972058],[-112.19581768469816,33.377314365845635],[-112.19710752230574,33.377307561267727],[-112.19913876008883,33.377296818425577],[-112.19930856081881,33.377295917960183],[-112.20245903745219,33.377279183990638],[-112.20296386632275,33.37727649531076],[-112.20484929097682,33.377273688031856],[-112.20532375912312,33.377272975875023],[-112.20579391298078,33.377272269205129],[-112.20868665171092,33.377267883328571],[-112.21106540035881,33.377269525790837],[-112.21110975420515,33.379261975510786],[-112.2111290928399,33.380163265994419],[-112.21099752984816,33.380162107634128],[-112.21029743884894,33.380162199146071],[-112.20960601272489,33.380162288247554],[-112.20891458984549,33.380162373489803],[-112.20822316693496,33.380162454880526],[-112.20753174399343,33.380162532419803],[-112.20684032102103,33.380162606107561],[-112.20678626401433,33.377501713141498],[-112.20402179765435,33.377509432496311],[-112.20270563689223,33.377511383980988],[-112.20266944915033,33.377520589323368],[-112.20264804747889,33.377539454218251],[-112.20264024036892,33.377567253090625],[-112.20268542594944,33.379874394007196],[-112.20284929852805,33.379874381832913],[-112.20285496443496,33.380162954012597],[-112.2026910782114,33.380162966227459],[-112.20262245766872,33.38016324526123],[-112.202703262238,33.38464064840467],[-112.20284899000045,33.391825570099989],[-112.20753212685288,33.391805206034221],[-112.20753864522671,33.389265776706921],[-112.20865909320266,33.389262912063096],[-112.20978415517985,33.389259397023146],[-112.2113294055425,33.389254982061736],[-112.21133927086505,33.389703720091013],[-112.21153577882698,33.389703121439517],[-112.21154183405891,33.389977914024414],[-112.21134531236434,33.389978509971613],[-112.21138391481752,33.391734062667375],[-112.21296669320036,33.391729422626995],[-112.21523464565908,33.391722744880298],[-112.21519845499486,33.389301764631739],[-112.21531332265269,33.389243513538737],[-112.2159084934366,33.388962083998138],[-112.2169453721113,33.388456105831956],[-112.21975698926937,33.387099840192818],[-112.2197504537824,33.386415485295991],[-112.2208567148074,33.386410844030713],[-112.22278659312556,33.386404375864394],[-112.22414543492536,33.386399802135195],[-112.22414351398891,33.386233831028932],[-112.2262908521129,33.386223061877239],[-112.22630770886184,33.38815015062967],[-112.22737881816903,33.388146649206966],[-112.22736536798179,33.386417590822276],[-112.22735866150767,33.385544394322864],[-112.22735119229509,33.384573669878314],[-112.22841996075825,33.384570072026349],[-112.22840886445766,33.38349506583269],[-112.22841001598948,33.382510481318185],[-112.22679152888938,33.380947688511775],[-112.22320812730668,33.377487324725955],[-112.22305239991476,33.377336953748937],[-112.22011498616411,33.374500430507389],[-112.22009894155657,33.36993133467206],[-112.21542858996057,33.369974466590769],[-112.21180995491802,33.366475110721204],[-112.21150776280633,33.366182867492398],[-112.20813418228664,33.362920166534202],[-112.20804482547474,33.362833740835839],[-112.20795301246727,33.362745380455117],[-112.20298181582359,33.357909426929147],[-112.20227446377396,33.357226282969698],[-112.20053273764356,33.355542381680145],[-112.19337248468187,33.348615416509162],[-112.19304991366521,33.348297516052149],[-112.18944089823806,33.344782504052823],[-112.18851077936253,33.343876550111453],[-112.18633271633288,33.34175496757225],[-112.1854824077943,33.340932894037294],[-112.18462746015797,33.340118687776318],[-112.17812369824516,33.333864285582983],[-112.17779368735577,33.333859304291416],[-112.17779148108698,33.333558795868527],[-112.17439533215124,33.330271781901331],[-112.17346046736915,33.330272723110163],[-112.17345686014647,33.329363407143973],[-112.17063273920152,33.326629701145578],[-112.16932365430822,33.325370293488291],[-112.16933131675152,33.326620932474448],[-112.16933221344956,33.328485691566705],[-112.16933355316536,33.330056919648158],[-112.16926163761892,33.330057948152735],[-112.16926166690683,33.330276863273795],[-112.1692845854846,33.33027684140324],[-112.16928518043068,33.331190901892647],[-112.16933429190948,33.331190760778995],[-112.16933607792765,33.33393265834497],[-112.16902490277535,33.333934126464541],[-112.16902937075797,33.341068631461205],[-112.16441640897038,33.34109878230759],[-112.15579363539038,33.341151358160843],[-112.155794403215,33.341332859986423],[-112.15579182200726,33.348336273586213],[-112.15578919433759,33.348428037490535],[-112.15484306098416,33.348436721260249],[-112.15484331171724,33.348527602878129],[-112.15485141004386,33.351710815361848],[-112.15491139981127,33.351697678261559],[-112.15494434919137,33.351691912067352],[-112.15497752061985,33.35168711288258],[-112.15501087154682,33.35168328903405],[-112.1550443594075,33.351680443351732],[-112.15514524843266,33.351677809042847],[-112.15602605017077,33.351694341919583],[-112.15602899859979,33.351990283491411],[-112.15602926896528,33.352069926719714],[-112.15475739631472,33.352077253030657],[-112.15443476061286,33.352300762677977],[-112.15432932422367,33.35236809470419],[-112.15425633063909,33.352407077821155],[-112.15417777287969,33.352446055047182],[-112.15412409340418,33.352470099203636],[-112.15401390493517,33.352513399608696],[-112.15395752680841,33.352532606133124],[-112.15384254629855,33.352566001988116],[-112.15378408464545,33.3525801553184],[-112.1537250713922,33.352592586414168],[-112.15363566824718,33.352607975063343],[-112.15357558860937,33.352616043630341],[-112.15351520943236,33.35262234550482],[-112.15345460276032,33.352626877800553],[-112.15330259011876,33.352630421704319],[-112.15327217741947,33.352629792550694],[-112.15318107293568,33.352625238822164],[-112.15312055112258,33.352619980917076],[-112.15277229121763,33.35258456229959],[-112.1526707167032,33.352578736345251],[-112.15263676564858,33.352578781627074],[-112.15256896982979,33.352581853997926],[-112.15251838214756,33.352586759827318],[-112.15246817048966,33.352593877401169],[-112.15243497225772,33.352599846794448],[-112.15240204189669,33.352606783114609],[-112.15236942196461,33.352614680784228],[-112.15233714845488,33.352623528741582],[-112.15230526391083,33.352633315912499],[-112.15227380432599,33.352644031235322],[-112.15224280896146,33.352655660893774],[-112.15221231707845,33.352668191071608],[-112.15218236466328,33.352681607958843],[-112.15213852930228,33.352703354145767],[-112.15209610725327,33.352726999545141],[-112.15204267615825,33.352760865189047],[-112.15196386985821,33.352815067739961],[-112.15190344031284,33.352862400106169],[-112.15190710101751,33.354367027144477],[-112.1519109510559,33.355722788046002],[-112.15180287581695,33.355723259345531],[-112.15105945187609,33.355726302956846],[-112.14920417489459,33.355733886364661],[-112.1476342983206,33.355740287624307],[-112.14539727190486,33.355749375657133],[-112.14472030386341,33.355752118713241],[-112.14335758071763,33.355757626286071],[-112.14335700450684,33.354519559959002],[-112.14475610864717,33.354513534875565],[-112.14475313659349,33.353274771907948],[-112.14335643104438,33.353281243273663],[-112.14335590527696,33.352140882768296],[-112.14335590051056,33.352133989734284],[-112.14335547053292,33.351227662523776],[-112.14335422407859,33.348510142180409],[-112.14373583553592,33.348507040128176],[-112.14439570017632,33.348503465434952],[-112.14549627452861,33.348497492850527],[-112.14660336210274,33.34849147371726],[-112.14670392900977,33.348490924678224],[-112.14763464278786,33.348485857822858],[-112.14805545186485,33.348483565574426],[-112.14804121144041,33.344849062204347],[-112.14749957823139,33.344848536488954],[-112.14695794502168,33.344848011159762],[-112.14641630852221,33.344847480725925],[-112.14587467529675,33.344846950672185],[-112.14532014669769,33.344846480476924],[-112.1447010224318,33.3448459587757],[-112.14372165022553,33.344844815120567],[-112.14279568980396,33.344844608154105],[-112.14220625313172,33.344843981478718],[-112.14133190896615,33.344843051453552],[-112.1399817918044,33.34483801903162],[-112.1396787827412,33.344839245126899],[-112.13939051745848,33.344838434943284],[-112.13939178589686,33.345268495307771],[-112.13798598826428,33.346646559641194],[-112.13515327808385,33.348530610374965],[-112.13499091973134,33.348531354903436],[-112.13496689387389,33.342980811503992],[-112.13075428580578,33.343029876759019],[-112.12913934275295,33.343043660298967],[-112.12914024908319,33.342131843220841],[-112.12906610590973,33.342132753343385],[-112.12906656130077,33.342062706138066],[-112.12954078807344,33.342052714468068],[-112.12953790543619,33.341207050161927],[-112.13075275690203,33.3411899006285],[-112.1318268124077,33.341174742199811],[-112.13290735403834,33.341159477989436],[-112.13398791487802,33.341144201596869],[-112.13495888816145,33.341130466187224],[-112.1351759630477,33.341129826113125],[-112.1393855375981,33.341164941019237],[-112.13937406770972,33.337596331107896],[-112.14078849479435,33.337600770657296],[-112.14153320999668,33.337603102021447],[-112.14369391100622,33.337609840795913],[-112.14368457844918,33.335149541093287],[-112.14435590733474,33.335094454065306],[-112.14515375583754,33.334613951418859],[-112.14582878508129,33.334014509357289],[-112.15169356947744,33.334002514618788],[-112.15169344442674,33.333921807222083],[-112.15397399231429,33.333924663800644],[-112.15609985229776,33.333925050340873],[-112.15757121849613,33.333926097167463],[-112.16051192392544,33.333928142510828],[-112.16891451338148,33.333934548577993],[-112.16890569581138,33.326620840971067],[-112.16888266363247,33.325286705552443],[-112.16675127175546,33.323234681268865],[-112.16676967605551,33.32303370352615],[-112.16677157330078,33.322972409647129],[-112.1648009357742,33.322959128640335],[-112.16479440037359,33.322203286748191],[-112.16385735840373,33.322200474155586],[-112.16385465392611,33.321729532645975],[-112.16319155156641,33.321343573891028],[-112.16270169351698,33.321058446702445],[-112.16049532247195,33.319781858302122],[-112.16049400928893,33.319373726498299],[-112.15865013976844,33.319400044607214],[-112.15170908376496,33.319498868349775],[-112.15171890928983,33.315868310500392],[-112.15172871272694,33.312245330767873],[-112.15172731887351,33.310366997592048],[-112.15172535505438,33.307843034161046],[-112.14952036550717,33.30599417257843],[-112.14818385588794,33.304873469359599],[-112.14421457305883,33.301580129038705],[-112.14388115341913,33.30130485848197],[-112.14312732095046,33.300683346183234],[-112.14095996218472,33.298408661498982],[-112.14028446282335,33.2976961237719],[-112.13682695786082,33.294070561492084],[-112.13445431997508,33.291582937368339],[-112.13325149920526,33.290444597369039],[-112.13016513091816,33.290448972450356],[-112.12584307356299,33.290450164790748],[-112.12153670151203,33.290469686305428],[-112.11720394645613,33.290489156158316],[-112.108832080434,33.290525015088036],[-112.10046149949005,33.290564419914141],[-112.09894984891999,33.290567146254219],[-112.09225342233111,33.29058161562142],[-112.09073543767437,33.290588906884885],[-112.08357437691436,33.290596346556832],[-112.08209187962234,33.290603830903095],[-112.07343246624708,33.290616038281904],[-112.06628501047466,33.290629407269861],[-112.06477223515756,33.290634657393085],[-112.06258987001048,33.290638725622038],[-112.0561332683039,33.290649485765584],[-112.04907744143041,33.290662721596405],[-112.04748938945579,33.290665071097841],[-112.04566279915153,33.290669547285262],[-112.03886021949575,33.290673216422704],[-112.0341155519684,33.29067964559934],[-112.03179025269603,33.290684676753777],[-112.02964216869499,33.290679422117492],[-112.02747550557176,33.29067883853574],[-112.02313779704494,33.290677559069977],[-112.02161005903976,33.290689027651112],[-112.01837961466937,33.290695459355582],[-112.01448017807934,33.290703110434187],[-112.01292115490673,33.290693339216531],[-112.00905542252818,33.290697974082335],[-112.00584923036959,33.290701706658467],[-112.00424206628685,33.290697033704646],[-112.00079616948318,33.290699762931581],[-111.99707710368043,33.29070309310773],[-111.99537643451144,33.290705745580638],[-111.99344935199753,33.290712181299718],[-111.99164691979691,33.290718171198741],[-111.98741753827719,33.290724652387539],[-111.98702330747463,33.290728058882408],[-111.98572346107386,33.290725382531903],[-111.98562420549149,33.29072938167436],[-111.97229840598364,33.290747777134811],[-111.97220207959217,33.290747932898576],[-111.97225024231146,33.291015503924548],[-111.97228849908525,33.29123674861102],[-111.97233454740649,33.291518524555215],[-111.97237261711719,33.291764016168607],[-111.97240888474145,33.292010989986984],[-111.97243776644218,33.292217309178746],[-111.97247332666012,33.292488607118628],[-111.97250138752752,33.292715955088973],[-111.97250766023501,33.29277080596593],[-111.97250991676736,33.29279393046501],[-111.97251127398562,33.292807845290362],[-111.97251288721242,33.29281778023568],[-111.97251439806473,33.292831406404005],[-111.97251656073206,33.29285102666293],[-111.97251810129904,33.292865059589346],[-111.97251955633311,33.292878397194642],[-111.97252115295386,33.292893084228389],[-111.972522571849,33.292906201973331],[-111.97252419820008,33.292921320501264],[-111.9725255875472,33.292934289842741],[-111.97252692094695,33.292946769984091],[-111.97252845853357,33.292961256406791],[-111.97252977884331,33.292973736553925],[-111.97253106297846,33.292985941871628],[-111.97253258421517,33.293000447540749],[-111.97253408047472,33.293011707294042],[-111.97253485956082,33.293022261016361],[-111.97253907470632,33.293063169894722],[-111.97254046448364,33.293076807110424],[-111.97254185099042,33.293090447076018],[-111.97254323095045,33.293104084296054],[-111.97254460109453,33.293117724268917],[-111.97254596796633,33.293131364243209],[-111.9725473250204,33.293145004221863],[-111.97254867880218,33.293158644201945],[-111.97255002603897,33.293172284184905],[-111.97255136345977,33.293185926920714],[-111.9725540219373,33.293213209651086],[-111.9725566542365,33.293240495141525],[-111.97255926035734,33.293267783391983],[-111.97256184029804,33.293295071654072],[-111.97256311881537,33.2933087171644],[-111.97256439078764,33.293322362677657],[-111.97256691837153,33.293349656459839],[-111.97256817070864,33.293363301981792],[-111.97256941650248,33.293376950255102],[-111.97257065575124,33.293390598531303],[-111.97257189172768,33.293404246808961],[-111.97257311788631,33.293417895090975],[-111.97257433749989,33.293431543375867],[-111.97257555057016,33.293445194412151],[-111.97257915050875,33.293486144789938],[-111.9725803373987,33.293499795837832],[-111.97258151774356,33.293513446888589],[-111.9725826915451,33.293527100690739],[-111.97258385879979,33.293540751747329],[-111.97258501951113,33.293554405555277],[-111.97258732129679,33.293581710431432],[-111.97258959690379,33.29360901806767],[-111.97259406630894,33.293663641621812],[-111.97259843099393,33.293718267970903],[-111.97260268768927,33.293772902613306],[-111.97260373713706,33.293786561967565],[-111.97260477676697,33.29380022132618],[-111.97260581312446,33.293813880686251],[-111.97261088692153,33.29388218577995],[-111.9726157970946,33.293950499191716],[-111.97261960218719,33.294005156022422],[-111.97262239055613,33.29404615073588],[-111.97262330583111,33.294059815646683],[-111.97262511674894,33.294087150973922],[-111.97262690148416,33.294114483564343],[-111.97262866004023,33.294141818914831],[-111.97263124878688,33.294182824710894],[-111.97263377535361,33.294223830534619],[-111.97263865177234,33.294305853254528],[-111.97264253437417,33.294374213847043],[-111.97264613376032,33.294450061359719],[-111.97264821250063,33.29449701778973],[-111.9726511230099,33.294565227652662],[-111.97265336044045,33.294619799980943],[-111.97265551932904,33.294674375092512],[-111.97265859893835,33.294756239204652],[-111.97266102837682,33.294824465771946],[-111.97266149855598,33.294838111642058],[-111.97266196546077,33.294851754765183],[-111.97266287963762,33.294879046517082],[-111.9726642149034,33.29491998416092],[-111.97266592216933,33.29497457046697],[-111.97266794579787,33.295042802711471],[-111.97266983852158,33.295111040511102],[-111.97267126433844,33.295165632439129],[-111.9726722788826,33.295206575722418],[-111.97267260833732,33.295220224403522],[-111.97267356069968,33.295261167714436],[-111.97267447051837,33.295302113792737],[-111.97267588215701,33.295370360051571],[-111.97267716615869,33.295438606367156],[-111.97267854070643,33.295520504218544],[-111.97267935452633,33.295575104664039],[-111.97268008652709,33.295629705145942],[-111.97268058398244,33.295670656904484],[-111.97268117525398,33.295725257448971],[-111.9726815647076,33.295766209255554],[-111.97268211234174,33.295834464143987],[-111.97268245815593,33.295889067546092],[-111.97268329155244,33.298032853542708],[-111.97268842594846,33.299470377791259],[-111.97268952001859,33.300070815420206],[-111.97269234437573,33.301708694185372],[-111.97269440107151,33.302898239891924],[-111.97299809907094,33.303980668274519],[-111.97319877070649,33.304695790153893],[-111.97332106179847,33.305130756552686],[-111.9733214882155,33.305552302765662],[-111.97269339969176,33.307843225741223],[-111.97270207616347,33.312600805877892],[-111.97272810113201,33.316330865316509],[-111.97275307957446,33.319634515556352],[-111.97276118339002,33.3198871104413],[-111.97275490520144,33.320915680059201],[-111.97274632011344,33.324343490155499],[-111.97273594377505,33.327173378548594],[-111.97269457350275,33.334498013565906],[-111.97270290070294,33.337613418477382],[-111.97271905518254,33.341736534740122],[-111.97272486782821,33.343505410758993],[-111.97272374062251,33.343851779906437],[-111.97272306283064,33.343892748367381],[-111.9727215926318,33.343974682591721],[-111.97272052080673,33.344029302700299],[-111.97271937693876,33.344083922840902],[-111.97271847319261,33.34412488865383],[-111.97271816102771,33.344138543013536],[-111.97271720488476,33.344179506101305],[-111.97271586453361,33.344234123580797],[-111.97271445541369,33.344288741090828],[-111.97271259003837,33.344357007527719],[-111.9727110171812,33.344411622362088],[-111.97270978923403,33.344452580073799],[-111.97270852526475,33.34449353780149],[-111.97270765860452,33.344520843880098],[-111.97270448447388,33.344616405598238],[-111.97270305676608,33.344657360650253],[-111.97270109093364,33.344711964665436],[-111.97269800628005,33.34479386662592],[-111.97269476443414,33.344875763159294],[-111.97269364561443,33.344903063853017],[-111.97269193627,33.344944008036329],[-111.97269018762991,33.34498495498547],[-111.97268718262387,33.345053194444098],[-111.97268532591225,33.345094135944379],[-111.97268342990303,33.345135077462061],[-111.9726814913197,33.345176016250221],[-111.97267951343689,33.345216952307368],[-111.97267612854674,33.345285180940778],[-111.97267192061659,33.345367047670038],[-111.9726704808574,33.345394334763959],[-111.97266754894164,33.345448908975051],[-111.97266378416083,33.345517121286278],[-111.97266126061776,33.345559973244804],[-111.97262183606385,33.346229509282701],[-111.97266704295104,33.346423346862672],[-111.97315952190603,33.348531127372262],[-111.9731552185044,33.349367325900239],[-111.97266193125101,33.350357531475517],[-111.97262024021866,33.350441234493445],[-111.97238652131659,33.351075394323829],[-111.9718816823175,33.352445599673487],[-111.97187942361526,33.352457561845448],[-111.97179755882304,33.352876365498673],[-111.97177646628217,33.352956560302509],[-111.97171075461058,33.353336809969448],[-111.97163157344202,33.353770868797305],[-111.97162591815822,33.353797899355939],[-111.97162308723833,33.353811411888117],[-111.9716189991841,33.353830869829459],[-111.97161741229594,33.353838436958],[-111.97161315115711,33.353858678278058],[-111.97161047038533,33.353871399195711],[-111.97160735532074,33.353886159640098],[-111.97160473657176,33.353898561712299],[-111.97160161495009,33.35391331391407],[-111.97159744516355,33.353933013752339],[-111.97159457820831,33.353946523551095],[-111.97159171125216,33.353960033349786],[-111.97158761976409,33.353979260423095],[-111.97158428583529,33.353994925196673],[-111.97158168333222,33.354007132122533],[-111.97157867590298,33.354021208159338],[-111.97157597868242,33.354033827391319],[-111.9715730202244,33.354047661544477],[-111.97157033278062,33.354060206564355],[-111.97156705754708,33.354075475537513],[-111.97156439294889,33.354087896867789],[-111.97156132015225,33.354102192807254],[-111.97155859021989,33.354114880763888],[-111.97155563169429,33.354128615973025],[-111.97155121020408,33.35414909922271],[-111.97154829410454,33.354162600796364],[-111.97154397381506,33.354182572793079],[-111.97154114911487,33.354195598847845],[-111.97153792275131,33.354210477521363],[-111.97153659366887,33.35421660160911],[-111.97153243333005,33.354235746257366],[-111.97152902732131,33.354251394570127],[-111.97152654219606,33.354262793404253],[-111.97152484081364,33.354270594198169],[-111.97152189522753,33.354284090287123],[-111.97151746049406,33.354304370157159],[-111.97151442018054,33.354318264809947],[-111.97151151700423,33.354331502527465],[-111.97150883916287,33.354343720478127],[-111.97150582820274,33.354357425476046],[-111.97150292826782,33.354370613720128],[-111.9714999303559,33.354384239007629],[-111.97149820932216,33.354392045306575],[-111.97149391815766,33.354411495086396],[-111.97149225590238,33.354419029264776],[-111.97148778835864,33.354439234940223],[-111.97148494387984,33.354452082354022],[-111.9714817891461,33.354466320609838],[-111.97147905241695,33.354478651271201],[-111.97147575723142,33.354493488746364],[-111.97147279514155,33.354506803444629],[-111.97146990815726,33.354519769059159],[-111.97146660314189,33.354534603789887],[-111.9714638173763,33.354547082887585],[-111.97145927784156,33.354567404027392],[-111.97145626017824,33.354580889152238],[-111.97145323923897,33.354594374278435],[-111.97145021502376,33.354607859405974],[-111.97144531920858,33.354629302061326],[-111.97144215439083,33.354643147294837],[-111.97134118941598,33.355083943608889],[-111.97123910998391,33.355514362233059],[-111.97114275139737,33.355908476990194],[-111.97105016784721,33.356349566132273],[-111.9710258479968,33.356456369712497],[-111.97100000825571,33.356562866127263],[-111.97098146946615,33.356633797428735],[-111.97095839232999,33.356722103525676],[-111.97081047040811,33.357305477995837],[-111.97071960123826,33.357663989534309],[-111.97029326552543,33.359347635655155],[-111.970216328695,33.359626865066083],[-111.97013565069462,33.359926885128395],[-111.97006621691452,33.360190882157376],[-111.96999739737575,33.360458471066167],[-111.96992988813842,33.360727084526516],[-111.9698725656453,33.360959862339975],[-111.96980783015167,33.361229076429353],[-111.96973692447236,33.361532024544353],[-111.96968284555763,33.361768244631882],[-111.96962260302941,33.362038190501401],[-111.96955644334351,33.362343406649835],[-111.96949976606668,33.362612059156305],[-111.96944103241307,33.362898437095495],[-111.96939397037488,33.363133788269309],[-111.96931978091284,33.363520108179891],[-111.96928828200794,33.363705315918466],[-111.96919422607164,33.364189075801278],[-111.9691903473387,33.364209731855389],[-111.96918796722191,33.364222433333715],[-111.96918559690747,33.364235096329871],[-111.9691828152457,33.364250007711505],[-111.9691804482233,33.364262700938788],[-111.96917746089788,33.36427875575199],[-111.96917510043954,33.364291473712164],[-111.96917264531483,33.364304724906731],[-111.96917021958525,33.364317838667546],[-111.96916780040404,33.36433094967709],[-111.96916517229276,33.364345217861768],[-111.96916271069021,33.364358595486316],[-111.96916022626488,33.364372149019609],[-111.96915744801672,33.364387305008719],[-111.9691527632489,33.364412960786503],[-111.96915008299888,33.364427682482798],[-111.96914759537016,33.364441362444587],[-111.96914514367583,33.364454885730893],[-111.96914275401667,33.364468081928365],[-111.96914026317629,33.364481871828268],[-111.96913805636638,33.364494116993335],[-111.96913545455568,33.364508563813516],[-111.96913300619072,33.364522183292877],[-111.96913052520969,33.364536033653657],[-111.96912819765971,33.364549031937841],[-111.9691258864497,33.364561969749722],[-111.96912350017392,33.36457535558646],[-111.96912098007489,33.364589522032269],[-111.96911843714628,33.364603853393163],[-111.96911604438671,33.364617354666258],[-111.96911362880093,33.364631026351248],[-111.96911135685005,33.364643895435478],[-111.96910892169619,33.364657710046664],[-111.96910659102598,33.364670977677129],[-111.9691043093293,33.364683984186492],[-111.96910191339549,33.364697661359671],[-111.96909948157008,33.36471156941559],[-111.96909718360148,33.364724754579207],[-111.96909471917724,33.364738923749087],[-111.96909244408222,33.364752020953304],[-111.96909012003195,33.364765412259608],[-111.96908778622402,33.364778919003733],[-111.96908530227128,33.364793299810245],[-111.96908277590731,33.364807963722328],[-111.9690806086018,33.364820568912684],[-111.969078281378,33.364834136119107],[-111.9690759084709,33.364847991929331],[-111.96907374447508,33.364860657583414],[-111.96907125736425,33.364875241774214],[-111.96906914235966,33.364887676539844],[-111.96906675319626,33.36490173848847],[-111.96906437711719,33.364915772947249],[-111.96906202061895,33.364929689215437],[-111.96905970657991,33.364943404830647],[-111.96905754922079,33.364956221644825],[-111.96905510139456,33.364970781082668],[-111.9690529049022,33.364983886497804],[-111.96905072473515,33.364996906704832],[-111.96904840424882,33.365010800969976],[-111.96904616210796,33.365024255454074],[-111.96904382860583,33.365038295391074],[-111.96904143962858,33.365052681652905],[-111.96903929871358,33.365065619390286],[-111.96903705010803,33.365079222291747],[-111.96903502017028,33.365091516850875],[-111.96903263779691,33.365105996556032],[-111.96903051000071,33.365118967268714],[-111.96902836263538,33.365132078159235],[-111.96902612062827,33.365145766258735],[-111.96902382970333,33.365159811673983],[-111.96902149311123,33.365174173177223],[-111.96901920222101,33.365188279057662],[-111.96901717240662,33.365200787993324],[-111.96901520135154,33.365212967093193],[-111.96901292683636,33.365227072966512],[-111.96901063274038,33.365241299778695],[-111.96900858994039,33.365254006606136],[-111.96900611641277,33.365269431806858],[-111.96900407691977,33.365282193601274],[-111.96900188406094,33.365295922905645],[-111.96899950847585,33.365310817618969],[-111.96899750818227,33.365323406245906],[-111.96899528928093,33.365337407655076],[-111.96899320091512,33.365350606469256],[-111.96899121371317,33.365363181348378],[-111.96898884475918,33.365378216228152],[-111.9689867629686,33.365391459014148],[-111.9689848410774,33.365403706803065],[-111.96898243303002,33.36541909899428],[-111.96898043286312,33.365431907494653],[-111.96897818472424,33.365446321179242],[-111.96897614217954,33.365459470501939],[-111.9689739723961,33.365473460896048],[-111.96897206038844,33.365485810372135],[-111.96896989063164,33.365499847489303],[-111.96896781878655,33.365513299150798],[-111.96896545005634,33.365528721557503],[-111.9689635935805,33.365540823651799],[-111.968961404323,33.365555119128793],[-111.96895921835664,33.365569442088571],[-111.96895717923293,33.365582844264303],[-111.9689550977007,33.365596535042386],[-111.96895301619246,33.365610267046748],[-111.96895096080314,33.365623858870407],[-111.96894897394566,33.365637030156236],[-111.9689468435523,33.365651177193058],[-111.96894490892126,33.365664048878543],[-111.96894292211127,33.365677302616895],[-111.96894097773004,33.365690303482303],[-111.96893892245532,33.365704093192079],[-111.96893675627551,33.365718652507276],[-111.96893466187835,33.365732750056921],[-111.96893266537865,33.365746237415124],[-111.96893075696332,33.365759136573374],[-111.96892868873977,33.365773187388598],[-111.9689267738332,33.365786188241181],[-111.9689246567069,33.365800623856245],[-111.96892290168418,33.365812602227578],[-111.96892094118269,33.365826042847054],[-111.96891876538579,33.365840962209276],[-111.96891674294218,33.365854892074175],[-111.96891485425199,33.365867920399609],[-111.9689129101252,33.365881361011951],[-111.96891076703723,33.365896208901091],[-111.96890893058142,33.365908951368255],[-111.96890688866603,33.365923189064553],[-111.96890495766976,33.365936681891164],[-111.96890285706947,33.365951378598865],[-111.96890096524092,33.365964643289658],[-111.96889902777079,33.365978268043179],[-111.968897191438,33.365991222138611],[-111.96889526705533,33.366004824899107],[-111.96889341771326,33.366017935660068],[-111.96889134332905,33.366032659840563],[-111.96888970275863,33.366044338584651],[-111.96888762516339,33.366059172703345],[-111.96888662387467,33.366066324523992],[-111.96888472243816,33.366079963004026],[-111.96888282100105,33.366093601483989],[-111.96887715271936,33.366134522405275],[-111.96887527420968,33.366148163623784],[-111.96887339897484,33.366161804840871],[-111.9688715270165,33.366175448804967],[-111.96886966160683,33.366189090017812],[-111.9688677994737,33.36620273397763],[-111.9688640915829,33.366230021890246],[-111.9688622425498,33.366243665844394],[-111.96885856413626,33.366270956492691],[-111.96885673147872,33.366284600439784],[-111.96885307926699,33.366311893825142],[-111.96884763370133,33.366352836637439],[-111.96884583052275,33.366366486068635],[-111.96884403061742,33.366380132750002],[-111.9688315590237,33.366475686948533],[-111.96882803782114,33.366502991270956],[-111.96882453627079,33.366530298333359],[-111.96881758884972,33.36658491793095],[-111.96881414297738,33.366612227717724],[-111.96881071675895,33.366639542992871],[-111.96880901183762,33.366653200626928],[-111.96880391999866,33.366694173519157],[-111.96878561457241,33.366844443029692],[-111.96877426312088,33.366940095688371],[-111.96876471484983,33.367022098916003],[-111.96875071014567,33.367145126982379],[-111.96874309606726,33.367213488968019],[-111.96871808205525,33.367445988603983],[-111.9687095786097,33.367528073835395],[-111.96870400353811,33.367582802779573],[-111.96869578504476,33.367664904379318],[-111.96868773359503,33.367747019649613],[-111.96867984918943,33.367829148590381],[-111.96867213837612,33.367911285702171],[-111.96866533982519,33.367985240374317],[-111.96865600753506,33.368089291340311],[-111.96865120536845,33.368143937500818],[-111.96864414296304,33.368225920423498],[-111.96863725415233,33.368307911517313],[-111.96862833110259,33.368417247522046],[-111.96862183533933,33.368499260435357],[-111.96861447640416,33.368594958106399],[-111.96859008674686,33.36893682264558],[-111.96858467515224,33.369018892813543],[-111.96857857398319,33.369114650413792],[-111.96857353251507,33.369196736914702],[-111.96856786370586,33.369292510821445],[-111.96856319236647,33.369374613655381],[-111.96855868807575,33.369456721915085],[-111.96855365143578,33.369552523037171],[-111.96854952055104,33.369634644880229],[-111.96854555999202,33.369716772147761],[-111.96854115552368,33.369812594988531],[-111.96853814985315,33.369881042956195],[-111.96853414172311,33.369976879370697],[-111.96853089195118,33.370059028323652],[-111.96852682642454,33.370168568392614],[-111.96852397626851,33.370250728169587],[-111.96852086563486,33.370346586190443],[-111.96851878694338,33.370415061248799],[-111.96851644777358,33.370497231802617],[-111.96851428221018,33.37057940777963],[-111.96851196753902,33.370675281953297],[-111.96851075202846,33.370730069505754],[-111.96850961185568,33.370784857026244],[-111.96850880422251,33.370825949020656],[-111.96850755752726,33.370894437468202],[-111.96850686453907,33.37093552941402],[-111.96850621741065,33.370976624088833],[-111.96850859593656,33.372159076542395],[-111.96850792112642,33.373103316159302],[-111.968503589121,33.373785533732331],[-111.96850148593998,33.374116617600578],[-111.96850053662318,33.374272346250152],[-111.96853052660985,33.37453257615438],[-111.96854058718193,33.37462206601306],[-111.96854921036737,33.374701623679549],[-111.96879753417879,33.376993022855565],[-111.9687947753994,33.377283191117037],[-111.96966802420594,33.377431881841105],[-111.96978372351185,33.377451577028616],[-111.96986266054404,33.377465068195697],[-111.9698945576685,33.377470397448818],[-111.96995852834493,33.377480267058495],[-111.97000665171559,33.377486977267125],[-111.97003880037191,33.377491116309663],[-111.97005488938133,33.377493085504192],[-111.97008710659348,33.377496828732383],[-111.97011936295576,33.377500305338714],[-111.97016782254272,33.377505019987879],[-111.97018399640365,33.377506455935809],[-111.9702163603869,33.377509132680593],[-111.97023255378332,33.377510370727599],[-111.97026496665973,33.377512643421021],[-111.97028117958959,33.37751368081868],[-111.97029739902941,33.377514649500924],[-111.97031362498082,33.377515552216167],[-111.97033998065932,33.377517640615146],[-111.97036233207334,33.377517859067389],[-111.97039482619523,33.377519062556757],[-111.97041107483105,33.377519561231885],[-111.97044294300727,33.3775203499684],[-111.97047481757838,33.377520883090988],[-111.97049075480399,33.37752105208039],[-111.97051756463019,33.377521186118834],[-111.97054774193256,33.3775211235521],[-111.97056976879074,33.377520943587129],[-111.97060027015662,33.377520479597713],[-111.97063076810031,33.377519779238298],[-111.97066125279564,33.377518845261491],[-111.97069172751654,33.377517674917527],[-111.97072218898862,33.377516270956242],[-111.97073741475606,33.37751548102554],[-111.97130713329197,33.377476283708368],[-111.97176720615958,33.377444627433732],[-111.9718724127018,33.377437388076849],[-111.97208043117845,33.377423075069721],[-111.97216772599924,33.377417066503689],[-111.97325411951171,33.377342305482337],[-111.97330302627388,33.377339345117925],[-111.97333556702016,33.377336713771768],[-111.97338424973843,33.377331782861191],[-111.97344885745422,33.377323381639989],[-111.97349703061745,33.377315710744526],[-111.9735289927615,33.377309951911727],[-111.97357667327228,33.377300349072435],[-111.97363307520119,33.377287375399433],[-111.97366402043689,33.377279514457946],[-111.97368649875162,33.377273479600127],[-111.97373285657017,33.377260076244887],[-111.97374820745986,33.377255361144996],[-111.97376350257564,33.377250519641613],[-111.97378736210193,33.377242667425193],[-111.97380357400874,33.377237143887051],[-111.9738345531832,33.377226130450751],[-111.97389307849743,33.377204242558598],[-111.97494624358742,33.37680943413033],[-111.97494615300617,33.376776766462058],[-111.97516344071907,33.376719425678196],[-111.9752335864906,33.376714764264747],[-111.97564150301683,33.376708112351515],[-111.97573668513445,33.376716686137399],[-111.97605689587655,33.376741379058771],[-111.97653068322153,33.376777911582835],[-111.97668966994301,33.376768580881226],[-111.97697367743764,33.376751916983558],[-111.97740266253764,33.376667430304138],[-111.97748553683667,33.376665713191997],[-111.97806241864185,33.376655985641108],[-111.97819279644359,33.376678337195479],[-111.97818347215383,33.378226001211836],[-111.97818282289798,33.378401919555024],[-111.97821874803655,33.378432029908971],[-111.97821286544996,33.38001919204234],[-111.97817846788482,33.380019308036033],[-111.97816497262704,33.383661035843552],[-111.97824851632814,33.383660752561177],[-111.97824210756703,33.385342203504308],[-111.97823979061889,33.385350507616522],[-111.97823685224138,33.385355643114053],[-111.97823289134152,33.385360270661906],[-111.97822803231472,33.385364250029056],[-111.97822531430002,33.385365958143076],[-111.97821939295622,33.385368747972919],[-111.97821623875411,33.38536980767703],[-111.97821298610235,33.385370633814567],[-111.97820628699175,33.385371557855429],[-111.97820077654841,33.385371656782034],[-111.9781930611931,33.385371682594183],[-111.97816224453477,33.392563961350135],[-111.97812937185063,33.392591618415736],[-111.97847340637385,33.392589798507878],[-111.97843001055317,33.400085301659111],[-111.97838516316146,33.407372244693875],[-111.97837826125847,33.414651665384078],[-111.9783696171537,33.421984320374683],[-111.97839716967634,33.425552423017173],[-111.97843061507231,33.42921330375993],[-111.97846575457982,33.432896784278192],[-111.9784985988238,33.43652865167271],[-111.96980029064355,33.436352487574638],[-111.96134563839638,33.436172391005435],[-111.96124653164047,33.440517203148723],[-111.96120433210947,33.442367388253693],[-111.96117162850328,33.443800674406944],[-111.96113313658461,33.44890105156805],[-111.95748701562694,33.448883319598202],[-111.95747452715074,33.448882323295663],[-111.95745896327782,33.448881083397126],[-111.9574429229632,33.448877595472304],[-111.95743168949893,33.448875155849294],[-111.95742282276967,33.448871901924697],[-111.95741437904627,33.448868801770153],[-111.95740587630054,33.448865682395713],[-111.95739372318208,33.448859686657933],[-111.95738380916072,33.448853357628856],[-111.95737130758955,33.448845372170716],[-111.95736167078124,33.448835901641885],[-111.95735720662499,33.448831516680357],[-111.95735187653401,33.448826280002635],[-111.95734483753365,33.448819361872125],[-111.95733625733752,33.448811847846606],[-111.95732981948643,33.448807441544268],[-111.95732481153895,33.44880401045036],[-111.95731705529023,33.448798700360143],[-111.95730656462072,33.448793152055927],[-111.95729718952043,33.448789450301746],[-111.95728814889445,33.44878588035985],[-111.95727601006087,33.448782355406202],[-111.95726852757959,33.448780571404512],[-111.95726029094787,33.448778606255694],[-111.95724803170481,33.448777002461618],[-111.95723994980423,33.448776408706202],[-111.95722325539276,33.448776326219111],[-111.95638998413607,33.448772553077212],[-111.95622486950315,33.448771806080558],[-111.95617690319447,33.448769303850291],[-111.95616103742965,33.448767393278416],[-111.95612964286566,33.448761966962977],[-111.95611416980736,33.44875846219535],[-111.9560988768354,33.448754437923249],[-111.95608379018087,33.448749899635203],[-111.95604000749427,33.44873328030328],[-111.95602598548294,33.448726768327795],[-111.95599894079432,33.448712350622593],[-111.95598596074829,33.448704466866658],[-111.95596118691927,33.448687418226115],[-111.9559458443952,33.448675247729831],[-111.95593813688498,33.448668750234333],[-111.95592730010894,33.44865884572846],[-111.95588073661754,33.448604299470801],[-111.95586252389204,33.448574210384081],[-111.95585399510757,33.448556744327554],[-111.95584397649534,33.448536222534031],[-111.95583726324232,33.448524299400638],[-111.95581318677266,33.448490317693015],[-111.95579403072014,33.448469411256852],[-111.95576107528935,33.448441140741487],[-111.95572366296173,33.448417087647904],[-111.95569661557646,33.448403642806078],[-111.95568254801753,33.448397740947826],[-111.95566816597704,33.44839241085154],[-111.95562342806775,33.448379930743869],[-111.95559262059197,33.448374633281844],[-111.95554563445071,33.44837134446054],[-111.95500853400478,33.448368722084339],[-111.95497612506618,33.448367289197527],[-111.95494401991314,33.448363308453004],[-111.95491250379648,33.448356815492048],[-111.95488185214208,33.448347870694768],[-111.95485233710535,33.448336553681187],[-111.95481077242023,33.448315348920062],[-111.95478521876144,33.448298575122031],[-111.95476165761306,33.448279865841556],[-111.95474029559239,33.448259380422762],[-111.95472132621398,33.448237305697837],[-111.9547049134886,33.448213836753027],[-111.95469120175774,33.448189174177401],[-111.95468031570194,33.448163543301426],[-111.95467596265846,33.448150434825649],[-111.95466555550455,33.448110289564944],[-111.95465934113093,33.447369741054075],[-111.95463804409,33.444691209057616],[-111.95404009729415,33.444598978861066],[-111.95370537261418,33.445298997852575],[-111.95314989293399,33.446471713175427],[-111.95288866476112,33.447023207190604],[-111.95278857172892,33.447234510497509],[-111.95270185608017,33.447402091218329],[-111.95259498050856,33.447561553481435],[-111.95251146721495,33.447665244102723],[-111.95237695840525,33.447805643091378],[-111.95225893735545,33.447923247566401],[-111.95218690439971,33.448010122778356],[-111.95212553709744,33.44811497760012],[-111.95208516694656,33.44822377582755],[-111.95206324456881,33.448363801454597],[-111.95206376843393,33.448507357844242],[-111.95114706462817,33.447335832656897],[-111.95075603247521,33.447337180293999],[-111.94979399092374,33.44733744103403],[-111.9438555708428,33.447338885282278],[-111.94146504484593,33.447357616445728],[-111.94045523223748,33.449316186351815],[-111.93997092841053,33.450063801197373],[-111.94041005337515,33.450951922355905],[-111.94087207698504,33.451620592446922],[-111.9418162556203,33.45230545356975],[-111.94318326424958,33.454960109225269],[-111.94288428197049,33.455940769005856],[-111.94209238427865,33.456545421840929],[-111.9419865545798,33.456708447419587],[-111.94201837127952,33.458799743828806],[-111.94160964026162,33.461491672442008],[-111.94042544634333,33.46338193138839],[-111.9394204010255,33.464368090633641],[-111.93909963927621,33.465323194867331],[-111.94025383225733,33.465322224833614],[-111.94113933833833,33.465351515828459],[-111.94290399766264,33.465487694447091],[-111.94339998684204,33.465542127340996],[-111.94339549613434,33.465676098104552],[-111.94342075229501,33.472933070939419],[-111.94389702346001,33.47292868250895],[-111.9455854508937,33.472913109821874],[-111.95222491170261,33.472851647063031],[-111.96086245181642,33.472764262320872],[-111.96086313656129,33.472943841018619],[-111.9608527041661,33.474797390991448],[-111.96083490394453,33.477960147884566],[-111.9608239401972,33.480138972062406],[-111.960093632406,33.48014466912899],[-111.9580470109068,33.480163563555642],[-111.95718678359198,33.480178180538992],[-111.95681449010729,33.480353111994198],[-111.95595983307207,33.480760216621604],[-111.95419301866474,33.481601593216247],[-111.95358221085662,33.481794294681343],[-111.95355200802486,33.481803870759805],[-111.95352151300091,33.481812776314811],[-111.95349457583464,33.481819998800887],[-111.95345972835742,33.481828537351902],[-111.9534284879326,33.481835384573913],[-111.95339703730143,33.481841533763614],[-111.95338124299836,33.481844347280486],[-111.95334952625474,33.481849446658494],[-111.9533176616192,33.481853839740282],[-111.9532856687689,33.481857521023166],[-111.95325357066439,33.481860493248632],[-111.95323749034122,33.481861712775299],[-111.95320527371088,33.481863613157806],[-111.95317301086226,33.481864798968587],[-111.95314072147373,33.48186526745345],[-111.9531084317845,33.481865018604644],[-111.95307615819434,33.481864052417365],[-111.95304392694352,33.481862371632275],[-111.95301175771162,33.48185997624369],[-111.95299570578243,33.481858510570305],[-111.95296367713856,33.481855046010949],[-111.95294771026344,33.481853047122101],[-111.9529317728328,33.481850869578331],[-111.95290000926717,33.481845986764498],[-111.95286840940214,33.481840400311242],[-111.95285267823826,33.481837345966071],[-111.95282136984602,33.481830712285628],[-111.95279028091723,33.481823385943301],[-111.95275943769322,33.481815372428372],[-111.95272885657585,33.481806677233024],[-111.9526982295714,33.481798039759269],[-111.95266748458917,33.48178961668529],[-111.95263692636793,33.481780726326058],[-111.9526065680284,33.481771371426291],[-111.95256141883229,33.481756480083661],[-111.952531594644,33.481745981687617],[-111.95250200642106,33.481735029734608],[-111.9524435608414,33.481711789887107],[-111.95240041085623,33.481693198598464],[-111.9523438466736,33.481666893725382],[-111.95231599890403,33.481653099409087],[-111.95230219138969,33.481646042809473],[-111.95227480582572,33.481631618973545],[-111.95224773168079,33.481616780037797],[-111.95222098863609,33.481601531493531],[-111.95220774168789,33.481593757397171],[-111.9521685155358,33.481569827561643],[-111.95214277564014,33.481553369428873],[-111.95211637058189,33.481538442324776],[-111.95209050641371,33.481522819722009],[-111.95206523234495,33.48150653183901],[-111.95205282479992,33.481498144599001],[-111.95204057790062,33.481489595157889],[-111.95201655948536,33.481472023416231],[-111.95197214560784,33.481441927648227],[-111.95191560070406,33.481397716922004],[-111.95176738273501,33.481475235625375],[-111.95180991621416,33.481502781509555],[-111.95179375272303,33.481549736549226],[-111.95178510044767,33.481573608621318],[-111.95177846277818,33.481591389727306],[-111.95177278818659,33.481606254536288],[-111.95176755578221,33.481619676323881],[-111.95176175316998,33.481634280073123],[-111.95175452840812,33.481652058595508],[-111.95174901061455,33.481665376024857],[-111.95174376468725,33.481677813897619],[-111.95173754877173,33.481692313324359],[-111.95172778396054,33.481714553173163],[-111.9517228949088,33.48172546284858],[-111.9517169506301,33.481738524798281],[-111.95171041641004,33.481752636792955],[-111.9517032758458,33.481767790592023],[-111.9516982292142,33.481778343022448],[-111.95168549114202,33.481804387456151],[-111.95167360810558,33.48182798834339],[-111.95166684062066,33.481841141219292],[-111.95166079733727,33.481852724569393],[-111.95165090313253,33.481871372324669],[-111.9516406220291,33.481890322509287],[-111.95163291683281,33.481904272675976],[-111.95162562778627,33.481917271787715],[-111.95161237359055,33.481940444309245],[-111.95149470930289,33.481977605199184],[-111.95148724926982,33.481989579207635],[-111.95147210285174,33.482013428345219],[-111.95146441318576,33.482025300726896],[-111.95145664806797,33.482037137400418],[-111.95144088819818,33.482060706372167],[-111.95143289344502,33.482072435922021],[-111.9514166775819,33.482095785148651],[-111.95140845647188,33.482107404825413],[-111.95140016318864,33.482118986044625],[-111.95138334698417,33.482142035862346],[-111.95136597623699,33.482164467449032],[-111.95134750649575,33.482186272711772],[-111.95131697450546,33.482218563638398],[-111.95130625694712,33.482228955483443],[-111.95128403771542,33.482249153986309],[-111.95126081124722,33.482268536499539],[-111.95123662016802,33.482287072778639],[-111.95122417355269,33.482296008461155],[-111.95120165656934,33.48230982531053],[-111.95117524413395,33.482326094788981],[-111.95115055595011,33.482340041407014],[-111.95112524427169,33.482353174675168],[-111.95109933861092,33.48236547809455],[-111.95108617902341,33.482371311048404],[-111.95104531578632,33.482387842858365],[-111.95103112945998,33.482393296815708],[-111.95100265833483,33.482404020611803],[-111.95095971859105,33.482419659747606],[-111.95093135866789,33.482429635939141],[-111.95090288385168,33.48243937579587],[-111.95087429414257,33.48244887931768],[-111.95084559281953,33.482458143755295],[-111.95081678316257,33.482467169107615],[-111.95077337334061,33.482480257818395],[-111.95072973698724,33.482492807895142],[-111.95071435958846,33.482497083091587],[-111.95068352599336,33.482505435617618],[-111.95065259389254,33.482513518822437],[-111.95062156000435,33.482521327210129],[-111.95059043089081,33.482528866275608],[-111.95055920983093,33.482536133269498],[-111.95052790010374,33.482543125442497],[-111.95049650498933,33.482549842793603],[-111.95048149445616,33.482552952550996],[-111.95045141427619,33.482558982438754],[-111.95040616262173,33.482567553198166],[-111.95037591163697,33.482572953736728],[-111.95036076314717,33.48257555781646],[-111.95031522897159,33.482582993541556],[-111.95030002134371,33.482585344779643],[-111.95025431631214,33.482592016481107],[-111.95017433850546,33.482602278565892],[-111.95012621242496,33.482607595926957],[-111.95009407138404,33.482610792712094],[-111.95007798770226,33.482612283918563],[-111.95006189415302,33.482613703667901],[-111.95004579401727,33.482615054707644],[-111.95002968401414,33.482616334290221],[-111.95001356742456,33.482617545163173],[-111.94999838553157,33.482618618364029],[-111.94998319705543,33.482619631100597],[-111.94993759868265,33.482622292780931],[-111.94992239043063,33.482623055413448],[-111.94990717887333,33.482623752084024],[-111.94989196073409,33.482624391038698],[-111.94987673928965,33.482624964031444],[-111.94984628976924,33.482625923123749],[-111.9498158303134,33.48262663210933],[-111.94980059562948,33.482626891781763],[-111.94902776662504,33.482633626114691],[-111.94902960519633,33.482973805447969],[-111.94902861923907,33.483180090295406],[-111.94903065015122,33.483420063895757],[-111.94902940859177,33.483679881588408],[-111.94901587595585,33.483680102242744],[-111.94901334652371,33.484790142838733],[-111.94925594389355,33.484787875089864],[-111.94957831132177,33.485053101207662],[-111.94957531840561,33.485430392940991],[-111.94989291377091,33.485429786010954],[-111.94986241907861,33.486492803678061],[-111.94985927944484,33.486774710413613],[-111.94985371562389,33.487563334863289],[-111.95199211391963,33.487576963842713],[-111.95196887675345,33.490548040609823],[-111.95196767860277,33.490699404628302],[-111.95196639193792,33.490988332777846],[-111.95062043970432,33.490678439994191],[-111.94955774003027,33.490433750724733],[-111.94868206671651,33.490300601687927],[-111.94807192146206,33.490278190954349],[-111.94734622324266,33.490251515672945],[-111.94612165075938,33.490371889037611],[-111.94562258759181,33.490420963353316],[-111.94516721036817,33.490465740912086],[-111.94484868809704,33.49049705996687],[-111.94445707365334,33.490535565110697],[-111.94408164249168,33.490572479628781],[-111.94376490609511,33.490663740181624],[-111.94342700422759,33.490761100378712],[-111.94329674064733,33.490794075888004],[-111.94318852007643,33.490839820963963],[-111.94319155923314,33.491566395601872],[-111.94316766663141,33.491566697537451],[-111.94318121407514,33.49458136856331],[-111.94318497305784,33.494881959440711],[-111.94318449485229,33.495325482788814],[-111.94318376704331,33.495628149607199],[-111.94318324588966,33.49593081361818],[-111.94318272483869,33.496233823908533],[-111.94318220368011,33.49653649063827],[-111.94318296659746,33.496553406670884],[-111.94320312098444,33.496553149506681],[-111.94319891986487,33.496889828042626],[-111.94319841039237,33.497230628319024],[-111.94320118387149,33.497579843370538],[-111.94319956947359,33.498320363420703],[-111.94320001321971,33.498430811897968],[-111.94319898756322,33.49909042534069],[-111.94319813172584,33.499629281010314],[-111.94319727254771,33.500167966235118],[-111.94319640410805,33.500687072065084],[-111.9431953738203,33.501342395071383],[-111.94319477906127,33.50174783664707],[-111.94330081966216,33.501748687877956],[-111.94330035165888,33.502009406045993],[-111.94329258327129,33.503916464277928],[-111.94328722622612,33.505395999877486],[-111.94225819908554,33.505390467126496],[-111.94226020626887,33.50484229477577],[-111.94226187339979,33.504387217748487],[-111.94226353742515,33.503932789302056],[-111.94226515276934,33.503491352346245],[-111.94226675599572,33.503053378299605],[-111.94226758203085,33.502828218434658],[-111.94206198861626,33.502831308679674],[-111.94145933770774,33.502840362917432],[-111.94087003532329,33.502849213734905],[-111.94026657386094,33.502858273322921],[-111.94003245571199,33.502861788878235],[-111.94002963736322,33.503312380878519],[-111.94002682221122,33.503762763969725],[-111.94002396272964,33.504219204428765],[-111.94002113170016,33.504671753166782],[-111.94001829741883,33.505124513496213],[-111.94001535288086,33.505594387866616],[-111.94001251836964,33.506046505011646],[-111.94000967427526,33.506499691238226],[-111.9400005942806,33.507946114534846],[-111.9403287415614,33.507947896447561],[-111.94059327445217,33.507949329757551],[-111.94066382115165,33.507949714625639],[-111.94067467875928,33.508418544493168],[-111.94118390214162,33.508410691641096],[-111.94119793985493,33.50918684527079],[-111.94168974006163,33.50917940054557],[-111.94217419116697,33.509172065315859],[-111.94266288099597,33.509164664090115],[-111.94304487225106,33.509158877749819],[-111.94326461586365,33.509160622699362],[-111.94340846712798,33.509161339286671],[-111.94340826735466,33.509258496635333],[-111.94339356266799,33.511211407773494],[-111.94339278542283,33.511372555278911],[-111.94338867953182,33.512221628923626],[-111.94338803184951,33.512356034836998],[-111.9433849377491,33.512995963493523],[-111.94338327078113,33.513198025966481],[-111.94338244485638,33.513467780333713],[-111.94338201255465,33.513609128528181],[-111.94338085272116,33.513988116469349],[-111.94337992830388,33.514289740790048],[-111.94337866383195,33.514701964610772],[-111.94337026458504,33.516411365433768],[-111.94448532064376,33.516373475792932],[-111.94517271569063,33.516349381324488],[-111.9452257179062,33.516347522220158],[-111.94587863743659,33.516321529914364],[-111.94652136651135,33.51629849110811],[-111.94721289760963,33.516273699980843],[-111.94754332901788,33.5162618523416],[-111.94754604701269,33.516376194337148],[-111.94768862530128,33.516371192431748],[-111.94784162420639,33.516365827705364],[-111.94848147906072,33.516343381343027],[-111.94910053827454,33.516321662688682],[-111.9497212934799,33.516299882772628],[-111.95021355265298,33.516282608936564],[-111.95057471735724,33.516269931371014],[-111.95121303197706,33.516247526288467],[-111.95179704495268,33.516226971979442],[-111.95188790038452,33.516223837787912],[-111.95246747909633,33.51619242831439],[-111.95311625397885,33.516157266266944],[-111.95426680310676,33.516094900199754],[-111.95532986914007,33.516037266963409],[-111.96035182525486,33.515764884544403],[-111.96143110506443,33.515803319792617],[-111.96270951155404,33.515848834006128],[-111.96653827509471,33.515985071968281],[-111.96822124317204,33.516044915570198],[-111.96938653881526,33.516086362311974],[-111.96938755655094,33.51650386210212],[-111.96939142988907,33.518085905409336],[-111.96940116879466,33.522060969061016],[-111.97062565256259,33.522061120546297],[-111.97172635213101,33.522061262793002],[-111.972841295864,33.522061399793088],[-111.97370892057431,33.522061500731773],[-111.97371060432623,33.522247115588549],[-111.97371643795533,33.52289100839392],[-111.97372369382018,33.523691809506978],[-111.97777116845009,33.523696073726803],[-111.97807161765459,33.523696268689136],[-111.98643414484316,33.523689438649782],[-111.98643545205235,33.523625574416727],[-111.98660957212752,33.523626490360392],[-111.98662507248079,33.523629524034398],[-111.98664053356717,33.523632692397996],[-111.98667133793062,33.523639422200532],[-111.98668667792649,33.523642983641381],[-111.9867019753699,33.523646674277003],[-111.98673242619729,33.52365444863868],[-111.98676268384608,33.523662739792677],[-111.9867777357168,33.523667079169371],[-111.98680767898394,33.523676140029359],[-111.98685215988388,33.523690683856223],[-111.98686979578174,33.523696975837019],[-111.98691072666507,33.523712024603547],[-111.98695441260368,33.523729506834535],[-111.9870095426261,33.523753405454094],[-111.98705566379259,33.52377544028834],[-111.98710505590326,33.52380076852134],[-111.98714848158251,33.52382496780799],[-111.98720846371354,33.523863600249882],[-111.98723856203644,33.523885666126525],[-111.987309775784,33.523939663661004],[-111.98736903330548,33.523990916877338],[-111.9874175074433,33.524037132995971],[-111.98746314169254,33.5240854861892],[-111.98749567995664,33.524121748602326],[-111.98750797210542,33.524137929375023],[-111.9875335567943,33.524169743421915],[-111.98754684604202,33.524185362956032],[-111.98756045671155,33.524200787171594],[-111.98757438551708,33.524216010573703],[-111.98758862917283,33.524231027667426],[-111.98760318439297,33.524245832957789],[-111.98761804789392,33.524260423698259],[-111.98763320982927,33.524274797146006],[-111.98764867347374,33.524288945053947],[-111.98766442569953,33.524302864681182],[-111.98768046650443,33.52431655327927],[-111.98769678931887,33.524330002606732],[-111.9877133908615,33.524343212665421],[-111.98773026456725,33.524356180710569],[-111.98774740714569,33.524368895750591],[-111.98778247267164,33.524393569578187],[-111.98780038576587,33.524405517377794],[-111.98781854475385,33.524417201191596],[-111.98782779644091,33.52442294268365],[-111.98785558071336,33.524439765879308],[-111.98789353130378,33.524461233436881],[-111.98791283768378,33.524471547896937],[-111.98793235712725,33.524481579150986],[-111.98795207978534,33.524491321707892],[-111.98797200565792,33.524500775567525],[-111.987992121617,33.524509937989031],[-111.98803291721545,33.524527369282573],[-111.98805358044527,33.524535635415525],[-111.98807441078436,33.5245436018782],[-111.98809540494213,33.524551257678908],[-111.98811655964151,33.524558608316227],[-111.98813785847079,33.524565648302833],[-111.9881593047089,33.524572374888422],[-111.98818088523005,33.524578788080454],[-111.98820259674808,33.52458488238409],[-111.98822443270224,33.524590660551382],[-111.98824638652725,33.524596119837739],[-111.98826844837413,33.524601254752035],[-111.98830347362416,33.524608624821887],[-111.98832065788984,33.524612042078601],[-111.988384616819,33.52462520540292],[-111.98844884078945,33.524637434100441],[-111.98851331010394,33.524648719937154],[-111.98857800179064,33.524659062925977],[-111.98864290271733,33.524668457577533],[-111.9887079899121,33.524676903904833],[-111.98877324039844,33.524684396424242],[-111.98878965209047,33.524686035881018],[-111.98883863776494,33.52469093239678],[-111.98890416232328,33.524696514581997],[-111.9889697910946,33.524701134748078],[-111.98903550767429,33.524704798401132],[-111.98910129236485,33.524707497307489],[-111.98920021237046,33.524709745287829],[-111.98944535322053,33.524705550418183],[-111.98951023044208,33.524702173031528],[-111.98957502811369,33.524697852972572],[-111.9896397265379,33.524692582007944],[-111.98970430274966,33.524686368396431],[-111.98977135495618,33.524678419079024],[-111.98979048694768,33.524676151387638],[-111.98980556669555,33.524674237875359],[-111.989820656324,33.524672368329071],[-111.98983575255396,33.524670545499035],[-111.98985085866455,33.524668766635003],[-111.98986597137669,33.524667034487216],[-111.98988109069039,33.524665349055681],[-111.98989621660571,33.524663710340391],[-111.98991135240405,33.524662118339435],[-111.98994296938304,33.524658941781119],[-111.98995878777963,33.524657429072775],[-111.98997461606163,33.524655965826931],[-111.98999044766624,33.524654552047451],[-111.9900221339737,33.524651878376538],[-111.99003798539287,33.524650615738672],[-111.99005384013708,33.524649405315529],[-111.99006970476687,33.52464824435485],[-111.99010144071572,33.524646073582865],[-111.99013319980479,33.524644106167166],[-111.99014908433479,33.52464319803299],[-111.99016497546913,33.524642339363261],[-111.99018086992874,33.524641532908213],[-111.99019676771131,33.524640775919529],[-111.99021266553781,33.524640071147473],[-111.99022856996875,33.524639415839808],[-111.99024447444133,33.524638810000454],[-111.99026038552073,33.524638256373812],[-111.99027629664181,33.52463775221549],[-111.99029232265154,33.524637294708832],[-111.99032438792889,33.524636536337525],[-111.99034042063145,33.52463623272844],[-111.9903564566619,33.524635984082373],[-111.99037249273189,33.52463578215621],[-111.99038852884846,33.524635635194997],[-111.99040456500694,33.524635537702054],[-111.99042060449111,33.524635492423762],[-111.99045268030868,33.524635555770608],[-111.99046871664213,33.524635664395745],[-111.99048475301765,33.524635822489124],[-111.99050078943993,33.524636035547488],[-111.99051682590201,33.524636295325735],[-111.99053285584807,33.524636610072875],[-111.99054888911775,33.524636974286302],[-111.99056491915054,33.524637390718311],[-111.9905809492279,33.524637859366912],[-111.99059697606613,33.524638377485743],[-111.99061299638616,33.524638947825096],[-111.99062901675086,33.524639570381083],[-111.99064503715789,33.524640242405312],[-111.99066105104683,33.524640966650061],[-111.9906770616991,33.524641743113413],[-111.99069286893724,33.524642558173191],[-111.99070866965734,33.524643425453561],[-111.99072446713851,33.524644342204219],[-111.99074026137843,33.524645305676799],[-111.99077183686731,33.524647389279835],[-111.99078761483021,33.524648503915536],[-111.99080338955433,33.524649668021524],[-111.9908191577606,33.524650884348134],[-111.99083492272814,33.524652150145023],[-111.99085068117556,33.524653465414161],[-111.99086643310288,33.524654830155583],[-111.99088217851013,33.524656244369226],[-111.99089791739735,33.524657708055159],[-111.99091364976454,33.524659221213348],[-111.99092937561409,33.524660786592158],[-111.99105743577674,33.524672162134138],[-111.99146473905125,33.524708340765656],[-111.99181214900833,33.524739197868044],[-111.99184480757644,33.524741459183332],[-111.99188421586226,33.524743548741732],[-111.99191695227609,33.524744757371451],[-111.99194970796255,33.524745485019011],[-111.99198247307925,33.524745734438724],[-111.9920152377814,33.524745505636545],[-111.99204799550328,33.52474479586818],[-111.99206430689121,33.524744206037603],[-111.99211343751107,33.524741944458135],[-111.99213383032544,33.524740607328567],[-111.99217872034436,33.524737180256807],[-111.99221127910057,33.524734082247626],[-111.99224376525225,33.524730511557458],[-111.99227617551507,33.524726465439997],[-111.99229418498886,33.52472394519868],[-111.99234071259292,33.524716952454234],[-111.99236850524491,33.524712153336573],[-111.99239803327769,33.524706800732623],[-111.99243036928924,33.524700410274974],[-111.99246030988461,33.524694040513175],[-111.99249150005174,33.52468693616887],[-111.9925254750901,33.524678640074235],[-111.99255731391604,33.524670334285744],[-111.99257340215954,33.524665998519481],[-111.99260441686508,33.524657146301642],[-111.99263524084381,33.524647837966384],[-111.99266586753969,33.524638081762916],[-111.99269628710812,33.524627877697426],[-111.99274034260682,33.524612108080134],[-111.99278791037922,33.524593945221376],[-111.99310015318628,33.524464044403942],[-111.99320081437101,33.524416650106701],[-111.99332384773383,33.52436521554592],[-111.99354498729285,33.524272046728093],[-111.99386756305532,33.524137179527884],[-111.99422273932019,33.523988675734238],[-111.99460133133006,33.523830363805075],[-111.99460966266898,33.523826618053612],[-111.99461533388423,33.523824069509452],[-111.99462458052592,33.523820100564343],[-111.99463842933304,33.5238143422918],[-111.99465260639914,33.523808721228697],[-111.99466900446799,33.5238025573397],[-111.99469587385565,33.523793239987654],[-111.99471115411042,33.52378834653657],[-111.99472612625257,33.523783829802206],[-111.99474133484222,33.523779524540174],[-111.99475686189156,33.523775405963569],[-111.9947726155617,33.523771518103779],[-111.99478821529252,33.523767949148116],[-111.99480835256796,33.523763717723128],[-111.99481988792309,33.523761539246024],[-111.99483941558459,33.523758113468176],[-111.99487071904521,33.523753517699397],[-111.99490221045633,33.523749938694785],[-111.9949180090106,33.523748535299788],[-111.99493384060587,33.523747384730406],[-111.99494482937277,33.523746767651815],[-111.9949608221409,33.52374604572028],[-111.99498144834784,33.523745477513337],[-111.99500691834091,33.523745439420097],[-111.99501322847215,33.523745493144389],[-111.99502189416287,33.523745028687799],[-111.99502615932988,33.523744341649575],[-111.99503441650914,33.52374208002734],[-111.99503834290876,33.523740521974972],[-111.99504210171531,33.523738694689882],[-111.99504566340634,33.523736609184169],[-111.99504900174325,33.523734279216249],[-111.99505209705765,33.523731726785378],[-111.99505746679003,33.523726009560086],[-111.99506016159395,33.523719617932613],[-111.99506532033604,33.52370917642078],[-111.99507186617485,33.52278856446722],[-111.99509882623367,33.520542476709963],[-111.99510445310806,33.520331099912461],[-111.99511221019289,33.519415312799708],[-111.99511460629502,33.5191799448653],[-111.99511700395995,33.518717320883894],[-111.99512217051281,33.518505053847598],[-111.99513324397847,33.517417852128894],[-111.99513421911881,33.517109650823741],[-111.99515041921428,33.513557193663765],[-111.99638688942599,33.513567642182025],[-111.99662092127824,33.513569942893028],[-111.99814610354287,33.513584914355185],[-111.99969736713911,33.513600127145615],[-111.99969976359242,33.513474432137308],[-111.99992961809259,33.513599537023666],[-112.00084620652135,33.514098516804907],[-112.00164550545409,33.514533772647056],[-112.00398318036432,33.51510809549945],[-112.00408565221331,33.515129103128778],[-112.00552856826133,33.515484782996474],[-112.00582853316882,33.515558709883273],[-112.00585943216961,33.51556628684655],[-112.0059055009358,33.515578417895888],[-112.00596636964407,33.515596001993565],[-112.00602654771961,33.51561518885152],[-112.00607118938009,33.515630616148364],[-112.00611538573655,33.515646923224786],[-112.00615910725196,33.515664101857531],[-112.00620233095142,33.515682143818623],[-112.00624503057035,33.515701032637423],[-112.0062871897015,33.515720765577996],[-112.00632877552084,33.515741328922829],[-112.00638827446019,33.515769920972829],[-112.00689644460412,33.516014128138636],[-112.00693165499652,33.516030985641954],[-112.00696005041559,33.516044514346191],[-112.00703115365688,33.51607816009966],[-112.00708816405789,33.51610489024101],[-112.00714528259516,33.516131452627242],[-112.00720251255242,33.516157850004149],[-112.0072598506455,33.516184079625674],[-112.00731730015524,33.516210141489211],[-112.00737485451923,33.516236035599448],[-112.00744695066859,33.516268168789786],[-112.00753368361701,33.51630637881199],[-112.00760614347772,33.516337931739187],[-112.00767876716931,33.516369220661211],[-112.00777424090214,33.516410312614639],[-112.0083644008747,33.516664300758499],[-112.0087018721016,33.516809537477933],[-112.00914882313668,33.517001889107547],[-112.00981781444328,33.517287189397038],[-112.01146014707707,33.517969291950955],[-112.01265180237245,33.518464199632611],[-112.01265531624108,33.518668941136404],[-112.01291845497462,33.518770629474233],[-112.01290942322728,33.52334339220014],[-112.01291115453853,33.524625019273742],[-112.01291399695634,33.527854478966951],[-112.01291594234578,33.531674794362914],[-112.01294128644543,33.531674557544584],[-112.01295082496038,33.531673376584202],[-112.01295180400722,33.532005964579469],[-112.01282023103576,33.532005651799146],[-112.0038177452896,33.531978495507346],[-112.00225175875137,33.531972584780156],[-112.00191978698474,33.531972778014143],[-112.0012602404864,33.531972738311829],[-111.99527005428421,33.531963352734785],[-111.99527210896933,33.533457824207971],[-111.9951882763844,33.533587951258369],[-111.99518733819522,33.535595856940361],[-111.99518600812499,33.539101355756074],[-111.99531189823612,33.53910235322212],[-111.99533784837331,33.545557279064248],[-111.99546598505404,33.546323537486273],[-111.9953382467849,33.553718466679008],[-111.98656849702438,33.553718366593671],[-111.98658328545953,33.561049175426511],[-111.98622318201058,33.561047086166049],[-111.98177966369417,33.561011837107074],[-111.97854251891731,33.560990672480322],[-111.97799981006574,33.560987114113615],[-111.97777413455873,33.560986225320967],[-111.97776800301584,33.561928886007287],[-111.97758076652906,33.561927524409867],[-111.97758677456895,33.562003021017482],[-111.97757642708712,33.564663726240276],[-111.97762567100985,33.56466386690051],[-111.97760433150744,33.568159036667282],[-111.97768830674556,33.575510696920439],[-111.97777440418845,33.582516030537967],[-111.97777524375851,33.582584446995199],[-111.97357538318592,33.582577226141893],[-111.97357658906051,33.582618453253346],[-111.97136980945444,33.582614603067441],[-111.97136991150332,33.582573378104065],[-111.97030754104901,33.5825715098035],[-111.97030743849497,33.582612734766492],[-111.96924135337655,33.582610133365144],[-111.9692188571468,33.579045060390861],[-111.96919670400871,33.575533484221729],[-111.9657172572135,33.575515967803405],[-111.96547503187276,33.575508783232202],[-111.96077630161034,33.575484446072601],[-111.9605804629809,33.575488880061357],[-111.95644775275582,33.575359404568921],[-111.94778446161246,33.575094118661141],[-111.94351286808944,33.574951535054609],[-111.94350426064106,33.582148707013729],[-111.94343090776964,33.58764461882528],[-111.94341899099027,33.58941113517573],[-111.94546822327486,33.589457721016529],[-111.94755399752837,33.58950498111794],[-111.95210614305149,33.589607521414415],[-111.95210020309062,33.590122965960127],[-111.95209975410728,33.590687474729066],[-111.95209526552891,33.594970422311626],[-111.95209410468532,33.597095263210292],[-111.94311572577377,33.596897647489968],[-111.94180334719202,33.596889953681313],[-111.93897110265293,33.596877488843397],[-111.93898090378333,33.598973772027115],[-111.93896843466759,33.600406968546977],[-111.93459046780652,33.600387702689567],[-111.93462335710166,33.596856536677087],[-111.93245433071985,33.596845352707255],[-111.92608287389733,33.596816031182385],[-111.9260313948792,33.600886620231996],[-111.92602310237973,33.601832543137419],[-111.92600797092763,33.604020555491161],[-111.92600722089344,33.604100919138091],[-111.9259402104171,33.611293196064082],[-111.92590173197303,33.6185161308697],[-111.92583136980187,33.621325383422864],[-111.92579526449941,33.622766916335138],[-111.92571972961244,33.625782117318899],[-111.92568443096663,33.627843620745267],[-111.92559552097806,33.633039249493287],[-111.92555072017608,33.636659776425958],[-111.92553058291452,33.63817192769222],[-111.92551719962051,33.639258049904342],[-111.92550945419426,33.640149176695694],[-111.92557346384837,33.640493375024796],[-111.92557946795728,33.640534560654707],[-111.92554180998374,33.641628975828546],[-111.92557781525473,33.647934622114022],[-111.92555267910174,33.655216703037013],[-111.92555583010171,33.662433927363402],[-111.92556530707262,33.669695667833587],[-111.92557031774339,33.676950092385312],[-111.92557631914111,33.68420662176537],[-111.92557194140576,33.691454390086498],[-111.92557385733623,33.69877561911786],[-111.92557263061104,33.706005932298126],[-111.92557304175996,33.713270348413189],[-111.92557313125361,33.72053901305916],[-111.92557342776725,33.726530633296989],[-111.93437856211581,33.726510133230448],[-111.94269099580136,33.726478235310672],[-111.94340202733711,33.726500731877437],[-111.95139770832861,33.726458287681261],[-111.95206933338699,33.726467377865767],[-111.96004342130703,33.726432913473609],[-111.96073704324212,33.726433418181017],[-111.96091880684715,33.726433108590044],[-111.96089939701496,33.733867794550349],[-111.9609003423553,33.741125973909739],[-111.96943470642563,33.741112736097293],[-111.97717378503133,33.741096882216638],[-111.97815303063834,33.740279745544427],[-111.97815273559486,33.740908236431096],[-111.98468269315593,33.740878533214691],[-111.9846813964468,33.740019129128591],[-111.98468008478679,33.739149064438443],[-111.98467877316887,33.738278999625457],[-111.98467749527954,33.737443287904526],[-111.98358898025677,33.737446801294354],[-111.98250046184121,33.737450307838671],[-111.98249604890938,33.734730300231831],[-111.9824944115346,33.734072243972257],[-111.98249379452932,33.733824238545957],[-111.982492319587,33.733744982252119],[-111.98249261511135,33.732917249989974],[-111.98249293610748,33.732010865118212],[-111.98307004577599,33.732009388129846],[-111.98295753318958,33.731372725912209],[-111.9829489070348,33.73115229523912],[-111.98293789933075,33.731158405035679],[-111.98292969969756,33.731163284851618],[-111.98292070798438,33.731168984073911],[-111.98290997749578,33.731176294709513],[-111.98289964853004,33.731183912934107],[-111.9828873148672,33.731193805045095],[-111.98288029330836,33.73119937403964],[-111.98287098016831,33.731206279917423],[-111.98286410601159,33.731211051836183],[-111.98285494016567,33.731217020476628],[-111.98284808858467,33.731221209750942],[-111.98284142094991,33.731225071883202],[-111.98283517730074,33.731228507807394],[-111.9828285258158,33.731231985173693],[-111.98282227204479,33.731235091311284],[-111.98281526846995,33.731238387480232],[-111.9828073407778,33.731241895759851],[-111.98279784770358,33.731245797878685],[-111.98278642084678,33.73125008853701],[-111.98277763427453,33.731253097091013],[-111.98276829504653,33.731256026240622],[-111.98275703508747,33.731259206509279],[-111.98274717580898,33.731261682472471],[-111.98273316922105,33.731264729543838],[-111.98271984300796,33.731267124911732],[-111.98271264367223,33.731268217073847],[-111.98270086271748,33.731269712931748],[-111.98268150346122,33.731271385980371],[-111.98261799179178,33.73127203827444],[-111.982493200634,33.731271747583122],[-111.98249358270525,33.730195473130607],[-111.98249293317409,33.729232757242443],[-111.98249282831233,33.729086797081933],[-111.98249234839176,33.728380655997995],[-111.98358471432857,33.728379612704067],[-111.98467394763158,33.728376876787877],[-111.98516732117469,33.728375636721097],[-111.98684187888118,33.728371404107662],[-111.98684453632575,33.730185538758633],[-111.98793209552686,33.730183343931635],[-111.98847587674227,33.730182240177264],[-111.98901965465232,33.730181136778675],[-111.99010721699544,33.730178922794316],[-111.99119477597257,33.730176696485941],[-111.99263669726801,33.730173731935878],[-111.9955450144208,33.730167700970057],[-111.99554671783731,33.733794456045075],[-111.99555091734652,33.741046324075576],[-111.99555892379125,33.744667770087695],[-111.99379220292694,33.744671804982566],[-111.9937927242533,33.745015336551162],[-111.99338150304243,33.745016271563628],[-111.99338374856421,33.746485253561232],[-111.9912051138207,33.746490105848444],[-111.99120593306891,33.748235609473198],[-111.99112543280529,33.748235938370733],[-111.99112534051002,33.748235732307364],[-111.99112451997313,33.747396682643597],[-111.99112363540254,33.746491111404787],[-111.99010567813409,33.746494079106625],[-111.99010538458569,33.747400217201417],[-111.99052897679765,33.747398749782391],[-111.99053068016055,33.748238211164065],[-111.99053063751676,33.748238356847054],[-111.98909468352493,33.748244187432633],[-111.98695933446373,33.748248070980758],[-111.98696124867476,33.745594187807932],[-111.98804551126315,33.745591290171511],[-111.98903021858051,33.74558921366269],[-111.98902994313622,33.744681489886041],[-111.98902978122618,33.744214484429598],[-111.9890296292338,33.743774950496487],[-111.98902947399966,33.743323714460118],[-111.99011701480168,33.743321651438258],[-111.99011877675682,33.743775489111542],[-111.99011756666678,33.744212215132329],[-111.99120178595389,33.744209943900799],[-111.99120212350579,33.743771085753643],[-111.99120247214833,33.743318425827447],[-111.99120282145506,33.742866532631091],[-111.99120412751432,33.741158924665257],[-111.98794429625805,33.741163531802243],[-111.98740018887895,33.741164292666802],[-111.98739902044255,33.741961114659084],[-111.98695408449075,33.741961632576782],[-111.98695502560163,33.741058516380022],[-111.9868603766061,33.741058649922913],[-111.97815182344721,33.741095984077099],[-111.97815300677348,33.741246818832778],[-111.97706205361398,33.741248187252026],[-111.97597529512997,33.741250189857745],[-111.96943313133147,33.741264209719482],[-111.96943316030578,33.741220196366889],[-111.96736193085208,33.741223358932444],[-111.96736140265362,33.742031052683153],[-111.96736016001023,33.743838718939706],[-111.96943234307994,33.743834308256432],[-111.96943026198436,33.755632616322337],[-111.96506678851904,33.755637454783475],[-111.96506774987435,33.752008338524675],[-111.96070600937536,33.752013401342865],[-111.96070331437495,33.755642136262296],[-111.96070563558325,33.762903147676639],[-111.96071551973705,33.770163631166412],[-111.95199952740992,33.770182068874284],[-111.94328361687977,33.770201432812584],[-111.94327935475353,33.777458221785089],[-111.94327592165817,33.784597679740614],[-111.95169727572524,33.78457993067606],[-111.95184713787602,33.784579624210366],[-111.95266317620678,33.784578083445794],[-111.95269165892475,33.784577847029929],[-111.9527147569939,33.78457737308392],[-111.95273964209892,33.784576579815564],[-111.95277091862556,33.784575163570466],[-111.95280464360327,33.784573111757403],[-111.95284102432682,33.784570292398136],[-111.95288005085752,33.784566554340159],[-111.9529109447181,33.784563071496763],[-111.9529477162813,33.784558317231543],[-111.9529743378867,33.784554461867955],[-111.95300716627224,33.784549216810547],[-111.95304901513262,33.784541745760436],[-111.95309034033832,33.784533488854571],[-111.95312763043709,33.784525277099029],[-111.95316831317118,33.784515475847009],[-111.95320249597835,33.784506553194234],[-111.95323609272631,33.784497152512238],[-111.95326960692756,33.784487147233143],[-111.95330842236277,33.784474749403635],[-111.95334838589199,33.784461054052151],[-111.95338352145869,33.784448212078246],[-111.95341765301502,33.784434999381148],[-111.95345494001035,33.784419702569309],[-111.95348556630998,33.784406446926553],[-111.9535236159693,33.784389074946439],[-111.9535546759719,33.784374128990414],[-111.95358390939859,33.784359406180286],[-111.95362666398299,33.784338391344875],[-111.95366111526099,33.784318799823424],[-111.95373449087361,33.784272574421337],[-111.95452490826338,33.783765394395353],[-111.95452796106056,33.783762007628873],[-111.95456954777873,33.78373592232316],[-111.95459138934193,33.783722762542737],[-111.95462114122913,33.783705412010093],[-111.95465237409128,33.78368788512708],[-111.95468239634209,33.783671677763579],[-111.95470742714745,33.783658632405931],[-111.9547394768345,33.783642526088293],[-111.95477038497319,33.783627612850331],[-111.95480055297877,33.783613623241479],[-111.9548339887982,33.78359875592642],[-111.95486862927093,33.78358403938249],[-111.95489417791492,33.78357361839435],[-111.95493077026656,33.783559324456945],[-111.95496505942273,33.783546583978335],[-111.95499872689494,33.783534679147827],[-111.95502810016585,33.783524765367943],[-111.95507074538229,33.783511148322049],[-111.95510144201668,33.78350190193477],[-111.95513993155717,33.783490951950718],[-111.95516874296767,33.783483214917453],[-111.95520412314841,33.78347424186704],[-111.95523603167426,33.783466646759202],[-111.95527696741976,33.783457573014736],[-111.95530305800058,33.783452183797174],[-111.95534947046562,33.783443333669318],[-111.9553889162856,33.78343655238578],[-111.95543068915676,33.783430097399048],[-111.9554628821022,33.783425626890526],[-111.95550295077643,33.783420675701635],[-111.95553714514122,33.783416979547127],[-111.95557697411431,33.783413284354793],[-111.95561368996022,33.783410458575609],[-111.95565637951856,33.783407867246702],[-111.95569122979768,33.783406306223711],[-111.95573118496687,33.783405122831823],[-111.95577931915813,33.783404557936784],[-111.9569501125504,33.783402559825205],[-111.95699508755902,33.783402894161242],[-111.95703079137425,33.783403742686275],[-111.95706298031214,33.783404955119167],[-111.95710449709446,33.783407140111997],[-111.9571475282403,33.783410151813918],[-111.95717425749747,33.783412404842913],[-111.95720357722801,33.783415214907592],[-111.95723800541866,33.783418971428212],[-111.95726482402301,33.783422238508251],[-111.95731386018424,33.783428999522094],[-111.95736435826646,33.783437029720581],[-111.9573907463746,33.783441662789826],[-111.95743206839829,33.78344952559771],[-111.95746643896268,33.7834566404212],[-111.95750330153034,33.783464859202347],[-111.95753800837653,33.783473158385405],[-111.95757115195646,33.783481603733556],[-111.95760652754845,33.78349118335484],[-111.95764079741612,33.783501029912266],[-111.95767499185359,33.783511423384716],[-111.95771150397916,33.783523159965426],[-111.95778904891719,33.78355033896181],[-111.95784612315332,33.78357237454324],[-111.95791859800057,33.783602976706781],[-111.95798212009475,33.783632336873389],[-111.9580320109672,33.783657158739011],[-111.95809160455583,33.783688957853357],[-111.95814405531546,33.783719000467201],[-111.95820330234669,33.78375542218086],[-111.95899936841874,33.78426320748418],[-111.95902987805053,33.784282231311806],[-111.95906128935157,33.784300941522886],[-111.95908283026945,33.784313279206465],[-111.95917288668309,33.784360798235362],[-111.95925618505173,33.784399363022594],[-111.95930221001386,33.784418623271414],[-111.95934759239472,33.784436267761215],[-111.95938263443615,33.784449010209073],[-111.95945751029693,33.784473762381943],[-111.95952245015923,33.78449261199669],[-111.9596159572353,33.784515686672393],[-111.95967539742313,33.784527953342035],[-111.95972548540871,33.784536881389236],[-111.95977839360548,33.784544945484065],[-111.95986739527783,33.784555398885367],[-111.95994439466688,33.784561346573774],[-111.96007198000299,33.784564973407107],[-111.96073079349306,33.784564077582488],[-111.96073134789791,33.784689042517272],[-111.9607336152603,33.791955343049253],[-111.96619409443797,33.791948498303711],[-111.96619374053002,33.7910423339411],[-111.96564880346902,33.791042018318947],[-111.96510797424851,33.791041704173864],[-111.96456436038831,33.791041385990951],[-111.96401699417549,33.791041061356552],[-111.96401701276616,33.790871536461928],[-111.96301649449903,33.790874277097714],[-111.96301578556118,33.790218328542402],[-111.96301344325734,33.788320732956862],[-111.96510112893444,33.78831954913089],[-111.96618502342616,33.788318769881563],[-111.96728459834043,33.788318103846549],[-111.96836818715175,33.788323590761458],[-111.96837014791039,33.789176320882206],[-111.96837216211691,33.790052174516184],[-111.96837215994691,33.790218313596775],[-111.96837542420161,33.791043566054618],[-111.9686582166416,33.791043724788516],[-111.96890437017551,33.791047960282981],[-111.96847040066635,33.79173629302943],[-111.96853776202637,33.791833752859951],[-111.9688262409565,33.791832850746246],[-111.96882629095413,33.791915297766124],[-111.96947050919296,33.791913350070423],[-111.96946761303889,33.790149932539023],[-111.96955095626252,33.790019976761393],[-111.97012062454489,33.789096730823495],[-111.97059883065381,33.788313695926433],[-111.97794713450553,33.788306467207889],[-111.97795589061933,33.791938695545277],[-111.9780207213058,33.791938578129169],[-111.97802454548753,33.7951305618327],[-111.97725531305929,33.795130436311624],[-111.97725534790997,33.795179904490013],[-111.97709075995263,33.795179985206431],[-111.97641266453412,33.795180307194265],[-111.97564404753544,33.795180668759748],[-111.97564420368894,33.79541317194947],[-111.97547961528034,33.795413250517093],[-111.97523350786024,33.795413364840599],[-111.97488265846698,33.795413525392192],[-111.97434452766146,33.7954137726406],[-111.97434460226339,33.795529915680412],[-111.9738398975442,33.79552944704605],[-111.9731631753821,33.795529929174705],[-111.97254597389939,33.795530452102241],[-111.97254627922719,33.795782519889947],[-111.97238169344256,33.795782668526357],[-111.97238077324978,33.795774803499341],[-111.97237774611673,33.795766565664046],[-111.97236657842765,33.795753027414577],[-111.97234996271733,33.795744210338945],[-111.97233027651546,33.795741523205798],[-111.97172285309951,33.795762465219795],[-111.97176272127929,33.796187211538857],[-111.97182584364306,33.796859651110971],[-111.97182655888561,33.797369162068634],[-111.97182717140421,33.797877595723108],[-111.97182776862253,33.798372422847081],[-111.97182793248258,33.798509837107993],[-111.97161518147429,33.798519278784298],[-111.97161553239026,33.79905812713961],[-111.97384474603379,33.799063990193815],[-111.97821210778336,33.799060816964619],[-111.98200845338199,33.799041001189273],[-111.98691140065741,33.79901523283722],[-111.99122971243597,33.799002810376443],[-111.99123588235777,33.795503941995911],[-111.99558401139801,33.79548472049062],[-111.99558587479665,33.798838793274186],[-112.00426887198185,33.798937585934546],[-112.01300152578712,33.798927456655171],[-112.02170289856753,33.79891807976842],[-112.03040548378908,33.798909143376122],[-112.03920612212127,33.79887161496216],[-112.04801359709113,33.798835207604562],[-112.04799787059012,33.791833111476159],[-112.04796154956233,33.784605324959699],[-112.05665362682585,33.78449953816699],[-112.06530610215547,33.78446516036044],[-112.06749140750328,33.78444462040288],[-112.06748501265854,33.788128262093494],[-112.07417531141051,33.788070201447653],[-112.07417218109472,33.78995760627447],[-112.07562227245195,33.789942761289893],[-112.07642662200561,33.790585157703077],[-112.07816863375945,33.790734611462689],[-112.07818747100218,33.791761702495464],[-112.08269351947,33.791715366351085],[-112.08267605966108,33.799081328224119],[-112.08275582637177,33.806353856462039],[-112.09152340676711,33.805913762057536],[-112.09607018911096,33.805682063136274],[-112.1001687446231,33.805472839029015],[-112.10015796579552,33.813177511758838],[-112.10015434825073,33.820428114805338],[-112.10015481504179,33.82090262673438],[-112.10015435853609,33.827683331917221],[-112.1088352476727,33.827678354768707],[-112.1175075945597,33.827682816925979],[-112.11751745183888,33.820430312802273],[-112.11752515091197,33.812967922163089],[-112.11762237049551,33.81296618633322],[-112.12621423491611,33.812856209978023],[-112.13490705681626,33.812824555809136],[-112.1350599129637,33.812818736608904],[-112.13945311751573,33.812805872642798],[-112.13980177328558,33.813799311184852],[-112.14105956681499,33.817278832787153],[-112.14158094995092,33.818436429055026],[-112.14227073956437,33.819583178279615],[-112.14228024859216,33.819609488781069],[-112.14236585314737,33.819846280464589],[-112.14245287999975,33.820396085586346],[-112.14257996372137,33.821198985441363],[-112.14286589541189,33.82227520319497],[-112.14375861791167,33.824745118279779],[-112.14408383475393,33.825699769987672],[-112.14435317749688,33.826583221502929],[-112.14453619576436,33.827262037896801],[-112.14463662981542,33.827662857471779],[-112.14613441394157,33.827663525824285],[-112.14612358247172,33.82764711717477],[-112.14611380801837,33.82763440015281],[-112.14610484583059,33.827621274883619],[-112.14609667396482,33.827610621533069],[-112.14609177428815,33.827600833277245],[-112.14608565195819,33.827586979943838],[-112.14608176774813,33.827577656994258],[-112.14607687512716,33.827563111571799],[-112.14606930803097,33.827536003556382],[-112.14606440032368,33.827501011473124],[-112.14608832287053,33.826838749818144],[-112.14609688320536,33.826557209890765],[-112.14609578433688,33.826301130860877],[-112.14608475439869,33.82599951044611],[-112.14605903943023,33.825679773638718],[-112.14565148053505,33.82131310730923],[-112.14563454268979,33.82114497556455],[-112.14559589137539,33.820908258473793],[-112.14554770431087,33.820677563905541],[-112.1467206537186,33.820417346266858],[-112.14691554273526,33.820998603551338],[-112.14693745139273,33.82099462170968],[-112.1484506285404,33.821269004987258],[-112.14853686225015,33.82135256446503],[-112.1485748865059,33.821380733611548],[-112.14915798552515,33.821715404237324],[-112.14935047000635,33.821894035099902],[-112.14949679767236,33.821986274783676],[-112.1497168522168,33.822051582667896],[-112.14973795427048,33.822037881424066],[-112.14982251921695,33.822071186571669],[-112.14989745048419,33.822119319999089],[-112.14995793643682,33.822180702358231],[-112.15000060531516,33.822244418651429],[-112.15079248057138,33.822616141692031],[-112.15227612739257,33.822342221555004],[-112.15227778681262,33.827660686336102],[-112.15227456732023,33.834913770232482],[-112.1522568137586,33.842154902194949],[-112.15225367111958,33.849408875805238],[-112.1522493774692,33.85303304770855],[-112.15224508574585,33.856655310229215],[-112.15222189054055,33.863913067381233],[-112.14587175395438,33.863922181404732],[-112.14603204852676,33.865247612133047],[-112.14609800118359,33.865792961889674],[-112.14619350034413,33.866582562691391],[-112.14633345795538,33.867879517804489],[-112.14652831462084,33.869192963683503],[-112.14682078177735,33.869721749888242],[-112.14727874914919,33.870226322008051],[-112.14760426787822,33.87058825116199],[-112.14760425434868,33.870732481770382],[-112.14760420811928,33.871165522606212],[-112.14757306589163,33.871345983218852],[-112.14757337483479,33.871510882350464],[-112.14699191605368,33.873759481888136],[-112.14749177632267,33.87811452257241],[-112.15200674730291,33.878108593660961],[-112.15201240778998,33.881189476474873],[-112.14784492312585,33.881191033512948],[-112.14683768247006,33.881204428431204],[-112.14682003865683,33.881043970023676],[-112.14682713151534,33.880913428891283],[-112.14654267719413,33.878420551327771],[-112.14346554017807,33.878417587973374],[-112.14347991699282,33.881591193255289],[-112.14347967985216,33.881758099322376],[-112.14347828479441,33.883859615236624],[-112.14309145671092,33.883865342094609],[-112.14309185468458,33.88393242183205],[-112.14527700620789,33.883924861222845],[-112.14527379194053,33.885661269597129],[-112.14351577266289,33.885660987285647],[-112.14352474105351,33.889065278563002],[-112.14352651657335,33.889739706976442],[-112.14355705059796,33.900089517186892],[-112.14558997756166,33.900087256795558],[-112.14555890293003,33.899532465523862],[-112.14645890497732,33.896562407384636],[-112.14676913762131,33.892916935443239],[-112.14775963462206,33.892918643228562],[-112.15226295764461,33.892910040005816],[-112.15750956969448,33.892926833310234],[-112.1609274601275,33.892937651740709],[-112.16093675139632,33.896573444806599],[-112.1609460446445,33.900209309921237],[-112.15225613441395,33.900206664853478],[-112.15225458692235,33.900932186739112],[-112.15224315733232,33.907460303133583],[-112.14789084036842,33.907458068283447],[-112.14788946978457,33.908323748669353],[-112.14788509834408,33.911084558735276],[-112.14616396559487,33.911083199102087],[-112.14571713942152,33.91108482503622],[-112.14571696223845,33.914708785788051]],[[-112.14812468946997,33.885661674572255],[-112.14712005209745,33.885661540454066],[-112.14709794821367,33.884747235913139],[-112.14706412871602,33.883925308662299],[-112.14706128490877,33.883856606591948],[-112.14699670656138,33.882828573291128],[-112.14799972079125,33.882820741799314],[-112.15013189225432,33.882816954128344],[-112.15013254937182,33.883751396454365],[-112.15057479103793,33.883750956242061],[-112.15057430943594,33.884702224962751],[-112.14809957964953,33.884701013998914],[-112.14812468946997,33.885661674572255]],[[-111.98469883583307,33.78337199287089],[-111.98425768873075,33.78338185138098],[-111.98361425587593,33.783384202858009],[-111.98314550521381,33.783385915593847],[-111.98314362326155,33.784562426281568],[-111.98314499600532,33.784652235200788],[-111.98252723574905,33.78465483101305],[-111.97818627375671,33.784670777027351],[-111.97818511194761,33.782861785574106],[-111.97709878817268,33.782862300371839],[-111.97709766264816,33.78118476762647],[-111.97709756672124,33.781043491681395],[-111.97818482267338,33.78103935976069],[-111.97836982964296,33.781041262615027],[-111.98252241601041,33.781015319390583],[-111.98252057873086,33.781934518399368],[-111.98252177084251,33.782834161937643],[-111.98469558667247,33.782825796039688],[-111.98469883583307,33.78337199287089]],[[-111.98698225838451,33.773662724376649],[-111.98914110164405,33.773653659502898],[-111.99123413050388,33.773644835745451],[-111.99225620848277,33.773640514842924],[-111.99558472232826,33.773629268676061],[-111.99558473907885,33.773765979975735],[-111.99558761469751,33.777397240495347],[-111.9955876229111,33.777481559259151],[-111.99558521994378,33.778245390239078],[-111.99340499608216,33.778255040172496],[-111.99340502119419,33.777430647721133],[-111.99122429109052,33.777440259428829],[-111.99122443767698,33.777886760491171],[-111.99122459304552,33.778347189597604],[-111.99122486699494,33.779172386995441],[-111.99013881412542,33.779177160736296],[-111.98905291908675,33.779181922078429],[-111.98905223523245,33.780994191339232],[-111.98796477928764,33.78099782000745],[-111.98687899513321,33.781001432645098],[-111.9868809654506,33.779221377502843],[-111.98688195359803,33.778318885092887],[-111.98688144553248,33.777458202389084],[-111.98361922376215,33.777472659999368],[-111.98361835550506,33.777308414602636],[-111.98419099599666,33.777305958979042],[-111.98419090874395,33.776037082330163],[-111.98361843935109,33.77603710566158],[-111.9836181972854,33.775590563256145],[-111.98253079077286,33.775591425958346],[-111.98253219140275,33.777477458007546],[-111.98004541399669,33.777491773108046],[-111.97910200484242,33.777492537073961],[-111.97818428431087,33.777501055798851],[-111.97818428588492,33.777415783377542],[-111.97745240378221,33.77741592343186],[-111.97758354846576,33.7772128132221],[-111.97817938385023,33.776253087400455],[-111.97818404715505,33.777265971382498],[-111.97818428588492,33.777415783377542],[-111.9792712375833,33.777409369267531],[-111.97927099991796,33.777326957885862],[-111.98035782009157,33.777322337119017],[-111.98035602747092,33.775580420219811],[-111.97926867476966,33.775573729465137],[-111.97926711011299,33.774363662795444],[-111.9795730432795,33.773865795036357],[-111.97970070072412,33.773700838095927],[-111.98021075040144,33.772872550224754],[-111.98025944144867,33.772792053842764],[-111.98074996453477,33.772006140607097],[-111.98081542044561,33.771902500576289],[-111.98307503171225,33.771898897965265],[-111.98304089638597,33.771954612227084],[-111.98307789816209,33.771954553846726],[-111.98363727842703,33.77103992470559],[-111.98359914645603,33.771041830686102],[-111.9841705809375,33.770125342894225],[-111.98688409301219,33.770114333766259],[-111.98698221912971,33.770113939867237],[-111.98698225838451,33.773662724376649]],[[-111.99340493689742,33.78015944125147],[-111.99340496570312,33.779162083082959],[-111.99558531785934,33.779152433051365],[-111.99558237153249,33.780120502332665],[-111.99558550933349,33.780968873519043],[-111.9954044966349,33.780969489327319],[-111.99340491206321,33.780976707153712],[-111.99340493689742,33.78015944125147]],[[-111.97776233424975,33.776265046049282],[-111.97745361980265,33.776761278052376],[-111.9770472473619,33.777416515326721],[-111.97574560217768,33.777417334948325],[-111.96944702623597,33.777420926021108],[-111.96944366542382,33.774033460990793],[-111.96944165503314,33.771973002307547],[-111.96957262803996,33.771971201098189],[-111.97053344788453,33.77197070853277],[-111.97140439580618,33.771970256624051],[-111.97162603485545,33.771970138887774],[-111.97214682787826,33.771969864652206],[-111.97271756545106,33.771969562798496],[-111.97289427512494,33.771969465929502],[-111.97372951117632,33.771969016625611],[-111.97380849379857,33.771968974586159],[-111.97490103461138,33.771968375970026],[-111.97490157201487,33.770262505030296],[-111.97380459123477,33.770264048342057],[-111.97380433692393,33.770153585529336],[-111.96943985094907,33.770157548838114],[-111.9650801422719,33.770160918964052],[-111.96507884052099,33.7692973660441],[-111.96507812957722,33.768834820210941],[-111.96507734147707,33.768305269405616],[-111.96507601733913,33.767436873825488],[-111.96507548851717,33.767075762787087],[-111.96507983195281,33.766531226380387],[-111.96507963039829,33.765985531948267],[-111.96507936034043,33.765253624550219],[-111.96507916108141,33.764711983668185],[-111.96617191191517,33.764710107401797],[-111.96725770685873,33.764708815185465],[-111.96725518852085,33.765317412702842],[-111.96725524816043,33.76543571644747],[-111.96725548599065,33.765924486477573],[-111.96725578531556,33.766529100511526],[-111.96798136220193,33.766528842213418],[-111.96871184207076,33.766528580330913],[-111.9694374551333,33.766528313457876],[-111.96943705493256,33.765923699480254],[-111.96943665304541,33.765316315211528],[-111.96943625615819,33.764711701113548],[-111.96943585599189,33.764107086957679],[-111.96943545413933,33.76349970250984],[-111.96943505399601,33.762895088235034],[-111.97816586252692,33.762882925971802],[-111.97816696728916,33.765443153748301],[-111.97816658336868,33.767623562714718],[-111.97817144152887,33.769094514468073],[-111.97817290565872,33.770259436839396],[-111.9759898688485,33.770261494798667],[-111.97599090893959,33.770839584693434],[-111.97599205957133,33.771477764828937],[-111.97599294026871,33.771967767987725],[-111.97652180228999,33.771967471412033],[-111.97683210547481,33.771967293050039],[-111.97758899724475,33.771966861290778],[-111.97817561844492,33.771965111009948],[-111.97817762069698,33.773224294552463],[-111.97817552292487,33.773825459950501],[-111.97817866550082,33.773880420487366],[-111.97817951969695,33.774417162802315],[-111.97818037520744,33.77495572165784],[-111.9781813868518,33.775592991737966],[-111.97776233424975,33.776265046049282]],[[-112.07450049387231,33.725770152324138],[-112.0734236388403,33.725782332761291],[-112.06588609860167,33.725869616191076],[-112.06586939530989,33.724935422697442],[-112.06585317717398,33.724028581923136],[-112.06583556094436,33.723043395242335],[-112.06581794516588,33.722058211148813],[-112.065800329829,33.721073024146065],[-112.06578271494321,33.720087839730589],[-112.06685831969831,33.720098485904195],[-112.06793392797087,33.720109122705971],[-112.06901465397107,33.720119801541195],[-112.070085141916,33.720130370958294],[-112.07064962577282,33.720135940031966],[-112.0711431520656,33.720140806542176],[-112.07223635347611,33.720151578995129],[-112.07331196288946,33.720162171705859],[-112.07380545983976,33.720167027614579],[-112.0743875692347,33.72017275230462],[-112.07492010539053,33.720178012860721],[-112.0754526350191,33.720183268380715],[-112.07598516799693,33.720188524348465],[-112.0765177010301,33.720193778019912],[-112.07758276725703,33.720204275725656],[-112.07864783370448,33.720214764246236],[-112.07971290037199,33.720225243581588],[-112.08077796726425,33.720235716480012],[-112.08184303437042,33.72024617744492],[-112.08290824311968,33.72025663178254],[-112.08288695581375,33.719762418363295],[-112.08286925975254,33.719351640081577],[-112.08284914342333,33.718884583344014],[-112.08283027380241,33.718446568538056],[-112.08279129544263,33.717541576537535],[-112.08275250052097,33.71664259184957],[-112.08262249968108,33.7136226295829],[-112.08260588361867,33.713236822890387],[-112.0826031677489,33.713173814301548],[-112.08368782481054,33.713162983608775],[-112.08368604813545,33.713121775766517],[-112.08477053296538,33.713107357558599],[-112.08484379818077,33.714807474906131],[-112.08593521366353,33.714796557531329],[-112.08587019422036,33.713096360863474],[-112.08695459375616,33.713089082829931],[-112.0869581894781,33.713183052065084],[-112.08804295068082,33.713181867874191],[-112.08803898595838,33.713078217045194],[-112.08803825058244,33.713058985703313],[-112.08912280665425,33.713048110177262],[-112.08922327316108,33.715672626040913],[-112.08925791782998,33.716577630471356],[-112.08708888110024,33.716599374412084],[-112.08712344144669,33.717502785467161],[-112.08929259092042,33.717483305294628],[-112.08932723717909,33.718388334169688],[-112.08986899071144,33.718383464258253],[-112.08983858182567,33.717365709576868],[-112.09086949557917,33.717360689910748],[-112.09090432145692,33.718374148048255],[-112.09149641482647,33.718368815218575],[-112.09139235049641,33.715651897185019],[-112.09015738609151,33.715663248637988],[-112.0901227289433,33.714758161911313],[-112.09135761577664,33.71474575560223],[-112.09129244566977,33.713043393793164],[-112.09243931406023,33.713026811069426],[-112.09249564376363,33.714730688122856],[-112.09477577389067,33.714705734790265],[-112.09475399787196,33.713798305702227],[-112.09589991780777,33.713786103165006],[-112.09590948820971,33.714243818252143],[-112.09600813722547,33.714242699427892],[-112.09601770082409,33.714696836241359],[-112.0959190438595,33.714694379593723],[-112.09595729730573,33.716510932037167],[-112.0970958848784,33.716497989704685],[-112.09711985835554,33.718314704979555],[-112.09978481796367,33.718284371924881],[-112.09978581048036,33.71919643077338],[-112.09991035049771,33.719195012097636],[-112.09991419721401,33.720103089838751],[-112.0997931446537,33.720104192796271],[-112.09891349322098,33.720108635168963],[-112.09892404690633,33.721017439463104],[-112.09979715819355,33.721009285550345],[-112.0998106569993,33.722826539316451],[-112.09734875048765,33.722850747215759],[-112.09735128055384,33.723760035709098],[-112.0972111277587,33.723761444409256],[-112.09722831362274,33.725599700052008],[-112.09613775251171,33.725613491941871],[-112.09613181246192,33.725221549291554],[-112.09506423320833,33.725232261469138],[-112.09558672883955,33.72561864470309],[-112.09177541255927,33.725654242159457],[-112.09088455659696,33.725663161471275],[-112.08959754756623,33.725676034797338],[-112.0895935200994,33.725563669588183],[-112.08957530549426,33.725051938850974],[-112.08918595541365,33.725071476572886],[-112.08905417341408,33.725154776218943],[-112.08849028293275,33.72515366572933],[-112.08849516647788,33.72538111867906],[-112.08740959343214,33.725391960117818],[-112.08741967750291,33.725694210803837],[-112.08524181343775,33.725715973352663],[-112.08524059146507,33.725679752953155],[-112.08523012121145,33.7253375621369],[-112.08305320927806,33.725359232560919],[-112.08306219717041,33.725679142678985],[-112.08306396141307,33.725741185023409],[-112.08291301876908,33.725741762065823],[-112.08222978892627,33.725744381057794],[-112.08092308361498,33.725745798854085],[-112.07557092365219,33.72576611660935],[-112.07556806700165,33.725631298866418],[-112.075224615569,33.725561131976477],[-112.07449714402821,33.725603961040513],[-112.07450049387231,33.725770152324138]],[[-112.09831556091213,33.724657827144163],[-112.09977447050606,33.724644157535174],[-112.09981572354012,33.724643774819093],[-112.09981543422363,33.724645377483533],[-112.09981180252508,33.724720951765363],[-112.09980345604775,33.724828268613656],[-112.09979144445039,33.724935237259245],[-112.09977578178456,33.725041732566702],[-112.09973104279692,33.725263932458752],[-112.0997040201634,33.725369263825158],[-112.0996751845406,33.725474279072465],[-112.09964664257375,33.72557821655866],[-112.0995104134377,33.725579374716332],[-112.09831889176759,33.725589487734226],[-112.09831556091213,33.724657827144163]],[[-112.0842271566965,33.71289648763215],[-112.08368335011136,33.712901923648317],[-112.08368343800744,33.712860694045276],[-112.08277388000177,33.712869775059893],[-112.0827726606437,33.712333831847133],[-112.08272662546321,33.712334292241714],[-112.08272559672486,33.711883550478845],[-112.08259376953124,33.711884862662203],[-112.08259360150532,33.711819726226899],[-112.08259205834401,33.711212276204769],[-112.0825874356287,33.709393319880512],[-112.08258285262036,33.707591404977855],[-112.08369468820797,33.707577940714131],[-112.08369084452184,33.709382230444128],[-112.08479153689358,33.709371148590641],[-112.08481047187054,33.706762469651551],[-112.0859250407872,33.706756706993097],[-112.08594376819053,33.70573777995962],[-112.08705391671666,33.705728297535536],[-112.08817237334833,33.705714957018415],[-112.08813803119114,33.707518959816234],[-112.08927285368647,33.707503871661999],[-112.090357529892,33.707489439974822],[-112.09030532255177,33.709315495256405],[-112.09140799253989,33.709304335180825],[-112.09366613980535,33.709270633709686],[-112.093686394017,33.708362272180786],[-112.09370665518809,33.707457488750244],[-112.09372690129376,33.706545548716001],[-112.09484350967367,33.706532320826007],[-112.09485756078026,33.705720283487643],[-112.09597013146372,33.705706105851867],[-112.09596012424635,33.706519085582947],[-112.09685993377934,33.706511994000579],[-112.09819357583076,33.706492587240888],[-112.09819139892535,33.707403866528722],[-112.09818921026987,33.708307997456743],[-112.09762634755917,33.708314822736973],[-112.09763044431287,33.707475713022426],[-112.09706966167511,33.707482420031042],[-112.09707016580656,33.707413701614044],[-112.09594894313004,33.707427115745283],[-112.09592658361426,33.709243175663545],[-112.09705680655341,33.709229432502596],[-112.09819691277573,33.709216645609175],[-112.09819515173969,33.709848829195124],[-112.09705214875119,33.709862628930246],[-112.09566540637566,33.709879357638769],[-112.09437691929197,33.709894887874754],[-112.09365203730064,33.70990297787877],[-112.09149330578204,33.709928535505156],[-112.09138735091659,33.709926146016329],[-112.09028743619373,33.709941036942659],[-112.08921925319834,33.709952009691712],[-112.08919347185432,33.711129458071248],[-112.09025380136131,33.711117476951223],[-112.0902049528345,33.712836607884434],[-112.08912007732984,33.71284749610173],[-112.08695472536232,33.712869202160967],[-112.08607751980009,33.712877985321718],[-112.08477006216467,33.712891061441425],[-112.08477024040432,33.712850895294352],[-112.08422746401341,33.712854922443078],[-112.0842271566965,33.71289648763215]],[[-112.04864069011883,33.712632700076263],[-112.04862991151072,33.709683756486037],[-112.04852139375308,33.709683960309917],[-112.04851307618776,33.707414997908423],[-112.04862162062801,33.707414755591337],[-112.04861647736566,33.706008179860973],[-112.04858787849086,33.702439186989409],[-112.04855894043861,33.698827091228033],[-112.04855736387759,33.698684020523423],[-112.05713174888312,33.698443145794478],[-112.05718488133937,33.702220918815613],[-112.05723358217699,33.706002124378493],[-112.05731641300119,33.712618116095854],[-112.05560854671032,33.712617883306137],[-112.05264874718264,33.712621844909563],[-112.04864069011883,33.712632700076263]],[[-112.03347466426058,33.700464549314944],[-112.03347606374427,33.700626415813055],[-112.03348392378558,33.701536122607052],[-112.03348683090387,33.701869243540983],[-112.03132964710142,33.701851935897118],[-112.03131998840323,33.700439967153514],[-112.03347466426058,33.700464549314944]],[[-112.07433564250807,33.700159200559227],[-112.07663771302775,33.700160839076567],[-112.07662533686984,33.701085239027364],[-112.07661295719504,33.702009636095177],[-112.07552785482468,33.702004838821296],[-112.07444274924232,33.702000029272263],[-112.07431075938486,33.702001310815447],[-112.07433564250807,33.700159200559227]],[[-112.08049422454101,33.709377125896481],[-112.0804972777907,33.707566422741806],[-112.08240335745539,33.707589238443447],[-112.08240749934403,33.709399706559928],[-112.08049422454101,33.709377125896481]],[[-111.93101603836634,33.653366215105237],[-111.93005081667134,33.65336623267406],[-111.9298883650138,33.653318864019873],[-111.92989461630958,33.653302499991597],[-111.92990308514993,33.653281601035687],[-111.92991198450893,33.653260831202957],[-111.92992131767259,33.653240190492973],[-111.92993108135649,33.653219692647454],[-111.9299412722745,33.653199340414979],[-111.92995188385466,33.653179139292718],[-111.92996291609757,33.653159094777138],[-111.92998318028687,33.653122892028712],[-111.93001117284318,33.653080622951386],[-111.93014400044419,33.652888541057493],[-111.93015833521402,33.652867919021119],[-111.93019013575477,33.65282162597898],[-111.93020494996411,33.652798876702576],[-111.93021928433797,33.652775915858065],[-111.93023313887751,33.652752748942149],[-111.93024650701179,33.652729384200633],[-111.93025938874239,33.65270582987857],[-111.93027177421085,33.652682085977183],[-111.93028366013382,33.652658168986761],[-111.93030593006067,33.652609829481257],[-111.93032616895897,33.652560871828875],[-111.93034521527166,33.652514110194261],[-111.9310158802933,33.652512706745441],[-111.93101603836634,33.653366215105237]],[[-111.92821753411458,33.653330439597909],[-111.92564277779503,33.653316818422006],[-111.92564509770635,33.652745172474987],[-111.92622850168108,33.652748261788787],[-111.92622945744675,33.652713693633387],[-111.92627010523823,33.652713907598105],[-111.92627041324612,33.652764973683333],[-111.92647126321243,33.652766037998774],[-111.9264716582156,33.652713823070108],[-111.92670389188117,33.65271504666422],[-111.92670347839426,33.652861616131332],[-111.92678671959175,33.652862068311094],[-111.92678691047875,33.652836412942115],[-111.92767897787019,33.652841126982224],[-111.92768784894673,33.651666446189381],[-111.9282301248535,33.651666778672649],[-111.92821753411458,33.653330439597909]],[[-112.30683340546494,33.51472572855905],[-112.30676337102805,33.507626859514779],[-112.30286772518446,33.50779234200693],[-112.30284721305246,33.500496149443272],[-112.3028470105904,33.500413617415241],[-112.30284655492723,33.500330948758247],[-112.30282750105744,33.496875964088389],[-112.30283257005803,33.494645495309662],[-112.30508016309712,33.494566895486663],[-112.30657300119741,33.49451466634396],[-112.3066921569884,33.49451049589495],[-112.30739095743344,33.494515739694677],[-112.30775179762452,33.494518748630583],[-112.30857759358378,33.49452563238026],[-112.30882113121362,33.494527659707522],[-112.30881475328989,33.493441771336407],[-112.31520724646062,33.493494251787475],[-112.31684392146427,33.493518829602955],[-112.3178840140515,33.493532874355353],[-112.31849561456264,33.493539970379516],[-112.31947247879255,33.493549856188714],[-112.31951266608945,33.496738919073636],[-112.32344582428358,33.496771980592783],[-112.32349451365869,33.500352696846704],[-112.32353517567469,33.504069691618497],[-112.32382737200922,33.504071757644972],[-112.3238743013553,33.507567367574723],[-112.32389408611293,33.51455543626998],[-112.32360397896915,33.514553718225713],[-112.32361493010895,33.521389847649935],[-112.31538318769476,33.521408491800287],[-112.30692479623293,33.521469685184002],[-112.30683340546494,33.51472572855905]],[[-112.06331407076115,33.487247031410824],[-112.0563571256491,33.487237888306105],[-112.05636263400579,33.481669021852269],[-112.06112877215179,33.481670008608312],[-112.0611255986239,33.482569834007144],[-112.06332103062277,33.482566277216051],[-112.06331407076115,33.487247031410824]],[[-112.18666217737974,33.436759356214267],[-112.18656640585584,33.436761782615505],[-112.18631532009076,33.436874869490396],[-112.1848523595161,33.436848485550108],[-112.18406560942492,33.436836917894773],[-112.18354109876925,33.436829280328929],[-112.18223084867381,33.436810232225966],[-112.18013441083298,33.436779727644435],[-112.17930328525976,33.436766679445597],[-112.17789653982837,33.436745417999255],[-112.17790016966657,33.433274439443167],[-112.17790064211108,33.432821634020236],[-112.17790402168163,33.431322743501859],[-112.17790372688216,33.429873092179669],[-112.17675865951288,33.429856034531696],[-112.17578568447337,33.429841047480643],[-112.17481656460841,33.429826110733714],[-112.17384357701334,33.429811105723566],[-112.1728713698669,33.429796107957941],[-112.17206824400239,33.429783711791245],[-112.17126379075697,33.429771291161103],[-112.17039324072736,33.429757840719795],[-112.16965741215357,33.429746470315969],[-112.16965963604777,33.429531203965219],[-112.173590884188,33.429588985456952],[-112.17783840087161,33.429651272928197],[-112.1779039568119,33.429652234228278],[-112.17803964472216,33.429654221288075],[-112.18010463940914,33.429684449299131],[-112.18221776564016,33.429715345165476],[-112.18642366892362,33.42977673233986],[-112.18663941853019,33.429783139385847],[-112.18664528160758,33.430088804653792],[-112.18666217737974,33.436759356214267]],[[-112.20957268050748,33.419250221502978],[-112.21250830117046,33.419271673728701],[-112.21250497312144,33.419566973790729],[-112.21250172331948,33.419855391693183],[-112.21249851136864,33.420140478448104],[-112.21249527182448,33.420428063538495],[-112.21249205759391,33.420713452594953],[-112.2124888076989,33.421001859450762],[-112.21248693092311,33.421168451823064],[-112.21248384699888,33.421442019728886],[-112.21248078147475,33.42171425186352],[-112.21247772845769,33.421985343376512],[-112.21247462956546,33.422260307461634],[-112.21246906447199,33.422754227499972],[-112.2124167430577,33.422798156012192],[-112.21081515316622,33.422784781236693],[-112.21081530788281,33.422765542174673],[-112.21032671563518,33.422761458622041],[-112.21032656081081,33.422780697684068],[-112.205330329776,33.42273882024228],[-112.2053304824249,33.422719581188048],[-112.20426987915353,33.422710611439442],[-112.20410061601177,33.422566251779692],[-112.20410690914052,33.421508056369518],[-112.20412425406583,33.419665187208508],[-112.20830630914627,33.419695843771017],[-112.20831054691263,33.419240975804499],[-112.20957268050748,33.419250221502978]],[[-112.26248104742322,33.406388442831137],[-112.26215652955047,33.406389286404043],[-112.26162831343414,33.406390756086118],[-112.26122325292917,33.406391887079543],[-112.26093026556765,33.406392705843622],[-112.25936804925124,33.406396717210782],[-112.25776657911629,33.406400937756118],[-112.25721530897309,33.406402265136393],[-112.25616965699803,33.406405130683424],[-112.25562806075648,33.406406581199242],[-112.25521901399834,33.406407390164738],[-112.25507760219324,33.406407655006397],[-112.25507581725675,33.406375795068598],[-112.2548867566873,33.406396632148379],[-112.2548940913565,33.406375721660226],[-112.25485874889483,33.405747171012266],[-112.25485339788396,33.405656725156035],[-112.25484812683085,33.405588604236094],[-112.25484119038993,33.40551944896346],[-112.25483291511291,33.405452347636015],[-112.25482321695914,33.405385907049833],[-112.25481170995728,33.405317770139433],[-112.25479877746916,33.405250464376614],[-112.25478411542711,33.405182473479321],[-112.25476782128085,33.40511442106542],[-112.25475071980725,33.405049432552808],[-112.2547317658111,33.404983311251691],[-112.25471111642779,33.404916862010822],[-112.25468924944431,33.404851611631656],[-112.25466541913408,33.404785382672991],[-112.25464085751116,33.40472153580523],[-112.2546145313277,33.404657264989282],[-112.25438884507318,33.404135111224775],[-112.25435561587662,33.404055836441998],[-112.25432528473253,33.403978582073691],[-112.2542918068289,33.403885807862345],[-112.25426606175198,33.403808134236748],[-112.25423855889773,33.403716531055146],[-112.254216666464,33.403636054572317],[-112.25419706487912,33.403555657052927],[-112.25417953224323,33.403474731707682],[-112.25416414207477,33.403393649370045],[-112.25414894450164,33.403298808069721],[-112.25413796869312,33.403216141641437],[-112.25412940037263,33.403134914316198],[-112.25412309108572,33.403055717402005],[-112.25411857895278,33.40297181035664],[-112.25411634485421,33.402889766019456],[-112.25411606253307,33.402831992895997],[-112.25411581365141,33.399191231430677],[-112.25418033369034,33.399187647954534],[-112.25446811366419,33.399171671782781],[-112.25467183571899,33.399160362585782],[-112.25849057057916,33.399160681308295],[-112.26343051258026,33.399160926063232],[-112.26779303755866,33.399161270894119],[-112.26772404031135,33.395730389619764],[-112.26772291383347,33.395674320135413],[-112.27195428830518,33.395735978731921],[-112.2719332549276,33.392312244424637],[-112.26779673698783,33.392195004714658],[-112.26771192326966,33.389275197921613],[-112.26996944400261,33.389262215009389],[-112.26996620489332,33.389124812799921],[-112.27200326510639,33.389113060669551],[-112.27204833573253,33.39046299997765],[-112.2769649230635,33.390401895017348],[-112.27701477120644,33.392124620890236],[-112.27718407419964,33.392121092211354],[-112.27713966703861,33.390396550417876],[-112.27942382185083,33.390348943921374],[-112.27941417900976,33.389921272845406],[-112.28056324819701,33.389603042182699],[-112.28061637435601,33.391957856681934],[-112.28101532174193,33.391949507278021],[-112.28099839935594,33.391153218867878],[-112.28473242137059,33.391080749549253],[-112.2847493044351,33.391871296056458],[-112.28873495171521,33.391787688915308],[-112.28874631216871,33.391844115033166],[-112.28875060424093,33.392122481092109],[-112.28876474728152,33.39273273513578],[-112.28878265177451,33.393383706221023],[-112.28879440967077,33.393846252364661],[-112.28881474954312,33.394646464532684],[-112.28882491576816,33.395046813819825],[-112.28883331321993,33.395376543045678],[-112.28883737980991,33.395536536529548],[-112.28483556632584,33.395582248536535],[-112.28060725740968,33.395636452546277],[-112.27949269967571,33.395647180850411],[-112.27949067861036,33.395523517474864],[-112.2789082819515,33.39551530268028],[-112.27825134342655,33.395506035361251],[-112.27739715343873,33.395493979567384],[-112.2773970486831,33.395468623227146],[-112.27634569336833,33.395481739500681],[-112.2757514982911,33.395486233400625],[-112.27427822816631,33.39550500742795],[-112.273581785345,33.395514248931612],[-112.27358351493918,33.395721752917225],[-112.27225007949372,33.395738152012406],[-112.27227857155204,33.399160980723003],[-112.28066895281108,33.399129487265299],[-112.28489230996193,33.399113478568836],[-112.28892391544397,33.399094523746854],[-112.28892636664011,33.399510314328801],[-112.28067652371672,33.399541717722514],[-112.27228420566364,33.39957321464275],[-112.27233242654385,33.402846076647549],[-112.27005066324534,33.402854014150883],[-112.26788789423078,33.402859811219251],[-112.26572512129177,33.402865567852878],[-112.26355482428045,33.402871310571882],[-112.2635637470288,33.403062611921015],[-112.26238157748195,33.403408742453578],[-112.26248104742322,33.406388442831137]],[[-112.28366120794855,33.405454796757795],[-112.28464429223528,33.40545001348665],[-112.28465878845199,33.406274466570373],[-112.28367569489281,33.406279252767547],[-112.28366120794855,33.405454796757795]],[[-112.16846299570018,33.407436549771255],[-112.1684924720726,33.407684103901978],[-112.16849112022544,33.407795941607652],[-112.15955094188058,33.407234606041094],[-112.15090484848879,33.406695174133354],[-112.14241481575546,33.406728350080357],[-112.1424148714143,33.406682721074759],[-112.14258029779124,33.406646157378518],[-112.1427449082784,33.406606080233139],[-112.14335867548203,33.406603624665223],[-112.14335930913427,33.406435023028834],[-112.14355847932097,33.406372009400066],[-112.14375634961264,33.406305025608347],[-112.14395284087874,33.40623409844126],[-112.14952766536112,33.404128338504258],[-112.14975090212268,33.404047289452585],[-112.14997590417154,33.403971278410687],[-112.15020255782599,33.403900343782958],[-112.1504307485698,33.403834521408946],[-112.15066036111018,33.403773844545249],[-112.15089127943594,33.403718343848709],[-112.15107373082836,33.403680239913626],[-112.15125715469995,33.403647132455347],[-112.15144141424744,33.403619046166455],[-112.15146265573,33.403618197944859],[-112.15156651798411,33.403600958547621],[-112.15156960503728,33.403614452837999],[-112.15171418925057,33.403590166280182],[-112.15177919378995,33.403564089997566],[-112.15203300463544,33.403531284823373],[-112.15228752020882,33.403504490278038],[-112.15254259818934,33.403483721344614],[-112.15279809594183,33.403468989636714],[-112.15305387059637,33.403460303392066],[-112.15330977912816,33.403457667467869],[-112.16158044281077,33.403468533645267],[-112.1615803185073,33.403523501849939],[-112.16194076566499,33.403524084375675],[-112.16194089147906,33.403469734557795],[-112.16202979563748,33.403469858365185],[-112.16202970718471,33.40350833611113],[-112.16207230625436,33.403508405778318],[-112.16207239430972,33.403469793361658],[-112.16636905403969,33.403475029193274],[-112.16735206318967,33.403490326286878],[-112.16797456920904,33.403491144863381],[-112.16810902481714,33.403491320463786],[-112.16813158470543,33.403659276033594],[-112.16746707514153,33.403721256085902],[-112.16755263015277,33.404366502993348],[-112.16805437739511,33.404319767888452],[-112.16846299570018,33.407436549771255]],[[-112.1179841410043,33.406831032377767],[-112.11773413899374,33.406831437758541],[-112.11773374262691,33.406811586709523],[-112.11798309453327,33.406810657440118],[-112.1179841410043,33.406831032377767]],[[-112.130150921026,33.406753465126762],[-112.13015196516227,33.40676770553339],[-112.1293544825408,33.406772587559672],[-112.12773096846355,33.406782508480411],[-112.12718907825854,33.406785814701479],[-112.12718790671117,33.406767460131533],[-112.12935185789379,33.406757877130609],[-112.12935184589684,33.406754298735713],[-112.13015091227324,33.406749886726409],[-112.130150921026,33.406753465126762]],[[-112.11959331809908,33.406560628947929],[-112.11763628248198,33.406569673795417],[-112.11763626384274,33.406597157824152],[-112.11749535621257,33.406597806478558],[-112.11749537489618,33.406570322449681],[-112.11654231197446,33.406574714229365],[-112.11645730327675,33.406504046860384],[-112.11646236077017,33.399466533984409],[-112.11813246955877,33.399459532492038],[-112.121937749674,33.39944135158246],[-112.1250043726444,33.399426613227419],[-112.12929377734829,33.399406191947406],[-112.13333900009444,33.399386703119937],[-112.13333939038296,33.399455503184214],[-112.13082546377021,33.399467573763353],[-112.13083224383291,33.401213561203853],[-112.13083942447133,33.403062521783113],[-112.13100455985975,33.402990423687889],[-112.13163094370812,33.402781547296001],[-112.13250351109016,33.402552893775805],[-112.13352678953783,33.402386026957998],[-112.13354954248828,33.405821102226263],[-112.13346471416848,33.4058203709845],[-112.13346840588214,33.406466243784337],[-112.13237087694141,33.406471674598052],[-112.13237077291558,33.406462731488915],[-112.13206147735245,33.406465132215246],[-112.1320614046201,33.406458233860221],[-112.13184025842257,33.406460393030827],[-112.13184039222276,33.406468143283739],[-112.13171599471039,33.40647031580955],[-112.1309870058212,33.406474932932888],[-112.1304954691566,33.406477355826034],[-112.13023167779406,33.406478653907456],[-112.12947753612222,33.406482447952847],[-112.12947748607024,33.406475359917437],[-112.12944789555611,33.406475504111363],[-112.12935068207362,33.406475725752784],[-112.12933979731143,33.40386178270289],[-112.12924164729097,33.403904130588323],[-112.12855087912801,33.404202169528311],[-112.12824950603765,33.404314469470869],[-112.12669164113275,33.405017861971793],[-112.12545020032965,33.405304828741954],[-112.12537506327358,33.405235951072207],[-112.12501578657938,33.40531551090497],[-112.12501599032711,33.405421458630272],[-112.1248850524661,33.405424613717337],[-112.12484980167261,33.405432415109161],[-112.12481331940752,33.405440490648395],[-112.12476428008164,33.405451346630812],[-112.12471064237997,33.40546321896678],[-112.1246364367677,33.405477008409008],[-112.12459889856835,33.405482026686016],[-112.12456115418549,33.405485781033185],[-112.12452325931496,33.405488265860235],[-112.12447289598238,33.405489457823137],[-112.12440977939296,33.405488104113196],[-112.12438415405261,33.405486781059587],[-112.12428459244485,33.40548163778368],[-112.12421962292707,33.405478283493906],[-112.12412707151675,33.405473502147494],[-112.12401333613593,33.405467873897535],[-112.12397988632623,33.405466882649847],[-112.12391295087093,33.405466367832808],[-112.12384603318827,33.405467818055946],[-112.12377921844707,33.405471222183508],[-112.12364621563054,33.405483891622453],[-112.12356400636484,33.405495775391302],[-112.12351459106924,33.405504314605885],[-112.12344949995693,33.405517406540731],[-112.12335297760841,33.405540590707176],[-112.12330164942966,33.405555039334814],[-112.1231805668573,33.405592223389142],[-112.12306037650718,33.405629831843143],[-112.1229741479407,33.405654911478202],[-112.12289170054501,33.405675683523043],[-112.12282300548115,33.405690537346771],[-112.12278843332244,33.405697207433377],[-112.12275372888797,33.405703372024426],[-112.12271890527298,33.405709025601332],[-112.12264657453321,33.405719072916739],[-112.12259108339886,33.405724747023548],[-112.12254468024832,33.405729490809513],[-112.12249697981839,33.405734398885741],[-112.12243398436803,33.405744183234972],[-112.12240186071671,33.405751148728974],[-112.12237195440879,33.405757635065463],[-112.12231119779474,33.405774682410012],[-112.1222374861824,33.40580092259944],[-112.12219466707745,33.405819220921622],[-112.12215305167283,33.405839372405502],[-112.12212602807568,33.405853813274703],[-112.12206124763182,33.405893291354261],[-112.121995616066,33.405938740332829],[-112.12172325664434,33.406128198197258],[-112.12115153356019,33.406525892470185],[-112.1208269942404,33.406527427316306],[-112.12131244202483,33.406161214116196],[-112.12194002218001,33.405730814175655],[-112.12100423816106,33.405393678937656],[-112.12042796783585,33.405149722165334],[-112.12000438788515,33.404969212248851],[-112.11971690260054,33.404836797871361],[-112.11959449456879,33.404872119933529],[-112.11959331809908,33.406560628947929]],[[-112.14240227168689,33.399411965368095],[-112.14239428367993,33.397447807132039],[-112.1423837818615,33.395954638407105],[-112.14238304382464,33.395775608787979],[-112.1423834920908,33.395262033142586],[-112.14238247024942,33.395013768994403],[-112.14238457624602,33.395027399992308],[-112.14238800856489,33.395035702172287],[-112.14239159840767,33.395041566231988],[-112.14239599651043,33.395047027554533],[-112.14240114697368,33.395052009286239],[-112.14240696769303,33.395056437369441],[-112.14241337987598,33.395060251482533],[-112.14241793657733,33.39506242267715],[-112.14242268250619,33.395064280209397],[-112.14242512232997,33.395065089298264],[-112.14242759470567,33.395065815875789],[-112.14243263709858,33.395067015999963],[-112.14243519728628,33.395067489564468],[-112.14244822092135,33.395068548741214],[-112.14275105776309,33.395067695075198],[-112.14275020687886,33.394558104178387],[-112.14238283616447,33.394557052406114],[-112.14237954344634,33.394303606122513],[-112.14237890700329,33.394097949736569],[-112.1423776942371,33.39385439390454],[-112.14237687668478,33.39365598812239],[-112.14237582283504,33.393400385729514],[-112.14237393794653,33.392942414346905],[-112.14237291614204,33.392694128118414],[-112.14237121863889,33.392282016219383],[-112.14237700063448,33.391853210622465],[-112.14238636855229,33.391156288830004],[-112.14238286836428,33.391100117798878],[-112.14243480408271,33.391102134105658],[-112.14246743757468,33.3911024512675],[-112.14248375750115,33.391102572735939],[-112.14251639060244,33.391102738723333],[-112.14258166257591,33.391102768337333],[-112.14264693351089,33.391102396651782],[-112.14271219685376,33.391101623678587],[-112.14277745259652,33.391100446669419],[-112.14284269746901,33.391098868378627],[-112.14290792820113,33.391096891560601],[-112.14295683663993,33.391095145104345],[-112.14300573465638,33.391093170530247],[-112.14305461898799,33.391090973341022],[-112.14310348634376,33.391088548045929],[-112.14315233673044,33.391085897393353],[-112.14321744454797,33.391082013243995],[-112.14328251527834,33.391077727861102],[-112.14334754892066,33.391073041244702],[-112.14341253892846,33.391067956155261],[-112.14347748201737,33.391062469850425],[-112.14355858897025,33.391055052065596],[-112.14363961237153,33.39104700774427],[-112.14373671969652,33.391036534585808],[-112.14383368378392,33.391025165633614],[-112.14391376314873,33.391015712929651],[-112.14397772287334,33.391007562211058],[-112.14402562951551,33.391001106402662],[-112.14407443274759,33.390994217433345],[-112.14412126355747,33.390987312820968],[-112.14418488462836,33.390977464102107],[-112.14424838638239,33.390967096120932],[-112.14431176226576,33.390956208889634],[-112.14435921137226,33.390947703481743],[-112.1444223587939,33.390935909639559],[-112.1444853672437,33.390923599320217],[-112.1445288150818,33.390914790622745],[-112.14461093447444,33.390897434808039],[-112.14464222877852,33.390890572275879],[-112.14468909588321,33.390880039488252],[-112.14470469841858,33.390876462629812],[-112.14475724732287,33.390864905214976],[-112.14475876769394,33.390922662897481],[-112.14479273330579,33.390922482286875],[-112.14648032961627,33.390913514657491],[-112.14648872134104,33.391884969416495],[-112.14648262864819,33.392214187305775],[-112.15063304986295,33.39219500703463],[-112.15071492068662,33.392263397852425],[-112.15071137224299,33.394012722094445],[-112.15102171240991,33.394012136427797],[-112.15107117535784,33.393961315736341],[-112.15107535004333,33.392220944604112],[-112.15110790910208,33.392193371579985],[-112.15353751741804,33.392186435695372],[-112.15353702402365,33.392598829089579],[-112.15306193611244,33.392600290136777],[-112.15306077536209,33.395675304334254],[-112.15413703941226,33.395672243571461],[-112.1541384303689,33.391953629864929],[-112.15737349128574,33.391942631734594],[-112.15737495582299,33.393891988682938],[-112.15737638768827,33.395662973809678],[-112.15845925993189,33.395659857246777],[-112.15845604326005,33.393887652625942],[-112.15845266271626,33.391937793777188],[-112.15953945867307,33.391927242320072],[-112.15954407496434,33.390755006206454],[-112.15954609850917,33.39024091329933],[-112.1606265016235,33.390237727859244],[-112.16062260530977,33.391924045995154],[-112.16170575181371,33.39192084296554],[-112.16170582008701,33.391805055356237],[-112.16461730727887,33.391796557180918],[-112.16461899904112,33.391972358138176],[-112.16461998549694,33.392209004639163],[-112.16551362583454,33.392206333736524],[-112.16602176020983,33.392204810852988],[-112.16602351617635,33.392941387423264],[-112.1660309131163,33.396041022619521],[-112.16671990785878,33.3957666430532],[-112.16806174938627,33.395705602707743],[-112.16806193386105,33.395774227155265],[-112.1680668968463,33.397428495842796],[-112.16807219504115,33.399269580358236],[-112.1680231665475,33.399269726402032],[-112.16813825139064,33.400183668489738],[-112.16766310806582,33.400120790665852],[-112.16777511443851,33.400965583994356],[-112.16775612132064,33.400962912507048],[-112.16783217665936,33.401536538982114],[-112.16785048178842,33.401539211849837],[-112.16805775405572,33.403103980001667],[-112.1679522660807,33.403103784161914],[-112.16784388465021,33.403103580347619],[-112.16784391392106,33.403089838300232],[-112.16769095454173,33.403089598155113],[-112.16761941620975,33.403105974894551],[-112.16735919562883,33.403106528387639],[-112.16637612471635,33.403118531297274],[-112.16429224288548,33.403112645571952],[-112.16429235486099,33.403063174185853],[-112.1639300174529,33.403066711108075],[-112.1639291712448,33.403116175712277],[-112.16207885634155,33.403113181435408],[-112.16207894477338,33.403074703687047],[-112.16203634591541,33.403074634021173],[-112.16203625746482,33.403113111769592],[-112.16197475123931,33.403113010759569],[-112.16191587492888,33.403063436103402],[-112.16167293040535,33.403063042049574],[-112.16167305792851,33.403008073834542],[-112.1614409959241,33.40300769906397],[-112.16116269836766,33.403095190564024],[-112.1601792936701,33.40309358444005],[-112.15929450885821,33.403108724348598],[-112.15331050136022,33.403100377004705],[-112.15304917636266,33.403103062471992],[-112.1527879793794,33.403111670725103],[-112.15252704462982,33.403126197340583],[-112.1522665061986,33.403146634853748],[-112.152259765216,33.403094221944201],[-112.15208073507182,33.40311198323235],[-112.15190197326187,33.403132267984908],[-112.1519111118123,33.403184363051224],[-112.15165694771569,33.40321869477016],[-112.15140352945065,33.403258156623544],[-112.15115096055474,33.403302732488669],[-112.15107332791008,33.403251008636602],[-112.15107123208904,33.402945222976918],[-112.15099925406095,33.402945416644442],[-112.15074543368161,33.402943650281649],[-112.15056388653785,33.402946688808122],[-112.15071078207099,33.403028248155188],[-112.15071080106543,33.40334697994772],[-112.15066544708183,33.40339733644943],[-112.1505861516075,33.403419209210206],[-112.15050633764704,33.403439106989715],[-112.1504440609237,33.403447494269152],[-112.15033982030107,33.403475193846035],[-112.15033679771437,33.403467347362529],[-112.15019627686389,33.403506433042047],[-112.15013289358411,33.403542182558652],[-112.14987057089557,33.403622454557514],[-112.14961037009759,33.403709358708461],[-112.14935245883723,33.403802839019242],[-112.14377445572835,33.405906038213722],[-112.14355217133398,33.405988099390775],[-112.14332792707886,33.406064642860819],[-112.14310185990404,33.406135621880424],[-112.14287410786375,33.406200993104271],[-112.14264481004119,33.406260716611591],[-112.14241410646348,33.406314755930545],[-112.14241160763147,33.404857012639617],[-112.14240832477559,33.40294015852254],[-112.14240227168689,33.399411965368095]],[[-112.12154764595489,33.392855632470145],[-112.12067612393649,33.392858981091692],[-112.1206758977664,33.392383501756932],[-112.12067603397597,33.39227631370035],[-112.12154768411149,33.392274190669205],[-112.12154764595489,33.392855632470145]],[[-112.12067665384461,33.392007304194095],[-112.11672171326819,33.392022691339783],[-112.11654263091199,33.391872221552241],[-112.11623593480854,33.39187861320039],[-112.11628454445578,33.385015485453977],[-112.11632648863436,33.379073779811151],[-112.11663734984062,33.379067606680991],[-112.1166340424485,33.379520470604817],[-112.11662468585828,33.380802751626312],[-112.11803513894455,33.380798127066072],[-112.11803087087505,33.381327098694072],[-112.11840770382298,33.381325805187942],[-112.11840461617987,33.381750698040918],[-112.11849642602554,33.381750383883748],[-112.11849288845316,33.382237003994206],[-112.11793996915335,33.382237558271022],[-112.1165420630778,33.382237923544842],[-112.11653541744457,33.383154979891152],[-112.11653067658881,33.383802040233611],[-112.11801156909272,33.383796290980555],[-112.11800976734391,33.384043656288547],[-112.11652886409416,33.384049405546087],[-112.11652224789603,33.384955061174459],[-112.12073568787295,33.384938599436389],[-112.1207281254685,33.385844083472101],[-112.116515475109,33.38586104673184],[-112.1165076797556,33.386904369036607],[-112.11649516542845,33.388578738748528],[-112.12070767908422,33.388562147165302],[-112.12067665384461,33.392007304194095]],[[-112.15458841328565,33.377684021099192],[-112.15532288548935,33.377680277761947],[-112.15531822475657,33.378432575938284],[-112.15531377016121,33.379039677914001],[-112.15457771371494,33.379043284092909],[-112.15458841328565,33.377684021099192]],[[-112.11833421886729,33.378606192676529],[-112.11664063591093,33.378611161577204],[-112.11664495982276,33.37801132733675],[-112.11682623392419,33.377859655347997],[-112.11833976651948,33.377851813178133],[-112.11833421886729,33.378606192676529]],[[-112.13397887237485,33.380206631633492],[-112.13393026347947,33.380206579304776],[-112.13394214386713,33.379358943185721],[-112.1380784124847,33.379352681218329],[-112.13806552278834,33.380348535699682],[-112.13804202217086,33.382164157784587],[-112.13801864136471,33.383970473011523],[-112.13754621742271,33.383971891790132],[-112.13389043484389,33.383982820848061],[-112.13389297327583,33.383800792040581],[-112.1338574259882,33.383765886242593],[-112.13386707573505,33.383078747871096],[-112.13389001135717,33.383078682998033],[-112.13390267434959,33.382171364190803],[-112.13588263463269,33.382162751846572],[-112.13589976871297,33.381179898551601],[-112.13391631987466,33.38120078612706],[-112.13392838220558,33.380345869287048],[-112.13397752511139,33.380345901442574],[-112.13397887237485,33.380206631633492]],[[-112.16671376963302,33.382041851401986],[-112.1667112025946,33.381146109427391],[-112.16804288729956,33.381143317955917],[-112.16804546862436,33.382039279710746],[-112.16671376963302,33.382041851401986]],[[-112.13384700544023,33.386240788423201],[-112.13598402828691,33.386234067815572],[-112.13799037096555,33.386227724906988],[-112.13797859921181,33.387119755211863],[-112.13475557568619,33.387130643967922],[-112.13383305796995,33.387140493043226],[-112.13384700544023,33.386240788423201]],[[-112.14012237273798,33.388515416418535],[-112.14012289674753,33.388474362530467],[-112.14215310454728,33.388467612412057],[-112.14215309995717,33.388508981429489],[-112.14214900596089,33.388883871451405],[-112.14214971883229,33.389006440815514],[-112.14214469118194,33.389279853117706],[-112.14213622983267,33.389739783948016],[-112.14212810755477,33.390181330044335],[-112.14213218492858,33.390272058491767],[-112.14009975792024,33.3902806785282],[-112.14010291713046,33.389800765493909],[-112.14011599039213,33.389013502319443],[-112.14012237273798,33.388515416418535]],[[-112.13302684297005,33.391549157684381],[-112.13341356492444,33.39154642982767],[-112.13340482979721,33.391962163376405],[-112.13301817480567,33.391964891093195],[-112.13302684297005,33.391549157684381]],[[-112.11888013012457,33.377526690108809],[-112.11888688270824,33.376772690531482],[-112.11761901963308,33.37677581037552],[-112.11763070056115,33.375372514811069],[-112.11739186409865,33.375372956204686],[-112.11739107116594,33.375372872286007],[-112.11743522558538,33.370241238296678],[-112.11747209912764,33.366743920047988],[-112.11750265230299,33.363198103199437],[-112.12552912957882,33.363166695932691],[-112.12553076544054,33.361841581514028],[-112.12621195734658,33.361838751702479],[-112.12621354477471,33.359448162645869],[-112.12326620087156,33.359460918265093],[-112.12326621883821,33.359436641438251],[-112.12176421236498,33.359484532721922],[-112.12171590578606,33.359486978896257],[-112.12166772697962,33.359490840277381],[-112.12161974143402,33.359496111260491],[-112.12157200153047,33.359502783514117],[-112.12152456947581,33.35951084869064],[-112.12147750092657,33.359520298453369],[-112.12143085808326,33.359531121706404],[-112.12138469003294,33.359543301878837],[-112.12131645750655,33.359564093474795],[-112.12127173175284,33.359579605061988],[-112.12124961729404,33.359587851033268],[-112.1212059179247,33.359605306787223],[-112.1211629747994,33.359624031050529],[-112.12112083371792,33.359644001761154],[-112.12107955029931,33.359665194092528],[-112.12105805308636,33.359676904771632],[-112.11854507669928,33.36107271986991],[-112.11847091209286,33.361108251076949],[-112.11839634608738,33.361147278881937],[-112.11829469672647,33.361193312373793],[-112.11819119636593,33.361236342015275],[-112.11808596607105,33.361276312637003],[-112.11797914003429,33.361313180042345],[-112.11787084587942,33.361346891800416],[-112.11776121127527,33.361377414719584],[-112.11770593753849,33.361391466202974],[-112.11763510896245,33.361408104367271],[-112.11763452044319,33.363022908970009],[-112.11750210621491,33.36302312323096],[-112.11750756177065,33.355910454398241],[-112.11750051677623,33.351316737301438],[-112.11750065236471,33.350408800530438],[-112.11751052505596,33.348594227557761],[-112.11763057149372,33.348594005864669],[-112.11767675414364,33.348594736409012],[-112.11769383944124,33.344982647157558],[-112.11782199939714,33.344982697992805],[-112.11782583658346,33.344149255931242],[-112.11783000272456,33.343239571835589],[-112.11783415588067,33.342332800961699],[-112.1178385285268,33.34137054432108],[-112.11848812164357,33.341361528236696],[-112.11949872426314,33.341347472746307],[-112.11998813638563,33.341340661694538],[-112.1201549017814,33.341338340996401],[-112.12081361641739,33.341329003722855],[-112.12106839483053,33.341325624620183],[-112.12213316820703,33.341310793410685],[-112.1221289667528,33.343123438137823],[-112.12212884838598,33.343487167987654],[-112.12212867323224,33.344037263268092],[-112.12212838262292,33.344943942349225],[-112.12266539684288,33.344939215951676],[-112.12268378359543,33.34493905627582],[-112.12320626517483,33.344934456086683],[-112.12351310336643,33.344932005024262],[-112.12419155418785,33.344926582888064],[-112.12423248318608,33.344926256136631],[-112.12428209637443,33.344925859885805],[-112.12428097308894,33.346747213645372],[-112.12448283760099,33.346746441758761],[-112.12555619574054,33.346736535858604],[-112.12555617880439,33.34732187635187],[-112.12555616219105,33.347904600288537],[-112.12555614605965,33.348569796159531],[-112.12643873035556,33.348566362556497],[-112.1348980369492,33.348544378039612],[-112.13489503414293,33.350361083303895],[-112.13489353728005,33.351266647453507],[-112.13489203922283,33.352173036000018],[-112.13489076574912,33.352943671193096],[-112.13488910210033,33.353951677191915],[-112.1348877453522,33.354772921746168],[-112.13488605949787,33.355793006798073],[-112.13263768548563,33.355801021898898],[-112.13263816041085,33.356706749506081],[-112.13488656765884,33.356698783757295],[-112.13488769108979,33.358715905157233],[-112.13515549252679,33.358719122588369],[-112.13823848447534,33.358739565926371],[-112.13845386588174,33.358740992603948],[-112.13859395992156,33.358741918610249],[-112.13867648472159,33.358742153112885],[-112.13873987124786,33.358737922628521],[-112.13879205758465,33.358730163939107],[-112.13882291277146,33.358723682932279],[-112.13887330211082,33.358709905636665],[-112.13891246452246,33.358696258353056],[-112.13895039627518,33.358680354059373],[-112.13899580041584,33.358657416910781],[-112.13906739780379,33.358610741455372],[-112.13906815086196,33.358972481585809],[-112.13906833076766,33.359398598946029],[-112.14045568260022,33.359393514435602],[-112.14045806666095,33.363110553525871],[-112.13692767998536,33.36312333379405],[-112.13692307160932,33.359033186549134],[-112.13572945171592,33.359025269185175],[-112.13488784632297,33.359018258545028],[-112.13488847890392,33.360370097757311],[-112.13484413095979,33.360382642521984],[-112.13481738136969,33.360390176216804],[-112.13478459030101,33.360395609733246],[-112.13475736942129,33.360398032183511],[-112.13467540648595,33.36039914631538],[-112.13467314858164,33.359412143422809],[-112.13375613002218,33.359415025390213],[-112.13049523458801,33.359427337841176],[-112.13049761301157,33.362964359448625],[-112.13049465310368,33.36314688150528],[-112.13048765598374,33.364958312518574],[-112.13048101431725,33.36667807445167],[-112.13047231380327,33.370390951855441],[-112.13046648781985,33.372124164366966],[-112.12831135933638,33.372131633610095],[-112.12615784188212,33.372139057224331],[-112.12614678350577,33.373955321388422],[-112.12867647502372,33.373946585373538],[-112.1304588012085,33.373940400924226],[-112.13045121733698,33.376117341184354],[-112.13152930802141,33.376113913208926],[-112.13152427328667,33.377459533490956],[-112.12936514606406,33.377466269679402],[-112.1288263788642,33.377467944750151],[-112.1261253417581,33.377476178997547],[-112.12504415140101,33.377479642235201],[-112.1249383188304,33.377479954521888],[-112.12203799249231,33.377489134890183],[-112.12180119534696,33.377489966183596],[-112.12180090308964,33.377518967914803],[-112.12156508488277,33.377518205809416],[-112.11888013012457,33.377526690108809]],[[-111.97609899411671,33.349187738161234],[-111.97482328131132,33.349202125525608],[-111.97323539177657,33.349360990000491],[-111.97324390064196,33.348532026174318],[-111.97276508732415,33.34647892814268],[-111.97279999467688,33.346497697906955],[-111.97422409700229,33.347263347506228],[-111.97431776298832,33.347310942636653],[-111.9743820093266,33.347339501987932],[-111.97445326674452,33.34736777770356],[-111.97453506549769,33.347395883560623],[-111.97460000330463,33.347415103303675],[-111.97468286492013,33.347435977442103],[-111.97473751482309,33.34744726994343],[-111.97480911891238,33.347459780284922],[-111.97487339803639,33.347468306043375],[-111.97494850263595,33.347475554164461],[-111.97501597824609,33.347479631385596],[-111.97508121212074,33.347480991425108],[-111.97516275559033,33.347479474385857],[-111.975212346433,33.347476589899209],[-111.97530887023137,33.347467752122824],[-111.97538928048745,33.347456277900058],[-111.97548776018056,33.347609508608514],[-111.97552203334681,33.34766733587292],[-111.97555217809644,33.347721792758783],[-111.97558012520307,33.347775777949074],[-111.97560330997835,33.34782361989874],[-111.97562080331841,33.347861856027315],[-111.97563552980282,33.347895684982056],[-111.97565444964702,33.347941673754718],[-111.9756673517617,33.347974981369688],[-111.9756821711799,33.348015447737318],[-111.9756981870138,33.348062413575711],[-111.97570821266153,33.348093864613105],[-111.9757225363616,33.348142155996413],[-111.97573375410174,33.34818339088195],[-111.97574406807236,33.348224711397506],[-111.97575382974813,33.34826770871814],[-111.9757617710207,33.348306397362883],[-111.97576954445564,33.348348703022978],[-111.97577605889671,33.348388810536143],[-111.97578197200612,33.348430726803059],[-111.97578707682928,33.3484735009649],[-111.97579077976118,33.348511004301628],[-111.97579390440788,33.348550503274758],[-111.97579639936431,33.348593465571348],[-111.97579792738151,33.348635128319799],[-111.97579855983641,33.34867450479922],[-111.97580037448827,33.348713875218621],[-111.97580289169346,33.348760671565479],[-111.97599537268016,33.348763061591647],[-111.97599476028616,33.348724424432362],[-111.97599406926749,33.348680914341067],[-111.97599334367484,33.348634710802912],[-111.97599173863955,33.348590681694027],[-111.97598883290803,33.34854092822286],[-111.97598533871391,33.348497471689427],[-111.9759816095121,33.348459984861613],[-111.97597695872089,33.348420464634124],[-111.97597023545839,33.348371963520783],[-111.97596344103825,33.348329591443623],[-111.97595523659493,33.348284452368134],[-111.97594623697844,33.348240182175793],[-111.97593659313841,33.348197237034107],[-111.97592601598313,33.348154270349291],[-111.97591422974637,33.348110268081278],[-111.97589996771967,33.348061317066815],[-111.97588795614153,33.348023026144709],[-111.97587169696706,33.347974710966454],[-111.97585608632355,33.347931397622823],[-111.97584009693314,33.34788972527128],[-111.97582282330374,33.347847242741693],[-111.97580448857096,33.347804615047806],[-111.9757860438536,33.347763969022786],[-111.97576664949848,33.347723359176314],[-111.9757462825595,33.347682749789229],[-111.97572183470788,33.347636417355091],[-111.97569251644522,33.347583925245871],[-111.97559364445215,33.347422455085713],[-111.97610542612452,33.347337507257713],[-111.97613659160126,33.347332333530041],[-111.97615616268729,33.347329325616869],[-111.9761882749078,33.34732466537951],[-111.97622043313589,33.347320246973851],[-111.97625264064658,33.347316070398222],[-111.97628489088875,33.347312132907348],[-111.97630103080971,33.34731025897257],[-111.97633334024219,33.347306686982201],[-111.97634950648091,33.347304991676566],[-111.9763656858611,33.347303359576472],[-111.97638187183144,33.347301787936601],[-111.97643047910786,33.34729743577364],[-111.97644669471386,33.347296105973115],[-111.97647914897344,33.347293630499536],[-111.97651162959643,33.347291399615258],[-111.97656039177629,33.347288512241207],[-111.97659292193434,33.347286891463732],[-111.97662546863442,33.347285518028656],[-111.97664174695836,33.347284922003801],[-111.97667119279029,33.34728400354556],[-111.97670064203027,33.347283280217361],[-111.97674640937059,33.347282661674612],[-111.97677902252083,33.347282684370725],[-111.97682793771214,33.347283268087523],[-111.97684423960025,33.347283606491658],[-111.97687683698059,33.34728450591961],[-111.97690942146328,33.34728569667913],[-111.97694198977386,33.347287178771737],[-111.9769745320866,33.347288949453812],[-111.97699079840905,33.347289947479723],[-111.97700705495505,33.347291014219067],[-111.97703954855345,33.34729337032384],[-111.97707200960355,33.347296012272906],[-111.97710443483666,33.347298948313146],[-111.97712063606841,33.347300526272946],[-111.97715300265784,33.347303893832922],[-111.97716916801943,33.347305688929985],[-111.97720146614358,33.347309490762974],[-111.97721759563532,33.347311502997371],[-111.97724981874356,33.347315736358219],[-111.97726590908918,33.347317962983155],[-111.9772980440851,33.347322630626763],[-111.97733012033923,33.347327586876126],[-111.97734613234314,33.347330170825117],[-111.97736213130051,33.34733282898609],[-111.97739407369447,33.347338356958254],[-111.97742594424479,33.347344168045865],[-111.97744185176261,33.347347183537487],[-111.97747360799947,33.347353420675773],[-111.97748945344766,33.347356647820952],[-111.97752108554943,33.347363313763324],[-111.97753687220306,33.347366752560553],[-111.97756837361513,33.347373839065042],[-111.97758408837556,33.347377489520788],[-111.97759967863774,33.347381054834216],[-111.97761524602777,33.347384691616149],[-111.97763079054569,33.347388399866595],[-111.97764630891682,33.347392179587175],[-111.97767727049157,33.347399950688704],[-111.97770812748138,33.347408010419272],[-111.9777388798808,33.347416350533692],[-111.97775421194852,33.347420627798591],[-111.97778479436769,33.347429393992222],[-111.9778152623748,33.347438443323135],[-111.97784560941489,33.34744776754939],[-111.97787582894443,33.347457374919564],[-111.97789089293738,33.347462281690632],[-111.97790592423459,33.347467259935257],[-111.97793588873422,33.347477419851394],[-111.97796571917071,33.347487857418095],[-111.97799540899096,33.347498567141834],[-111.9780102015811,33.347504026467305],[-111.97802495819712,33.347509551771161],[-111.97805436023607,33.347520805812493],[-111.97806900566098,33.347526537298464],[-111.97808361510995,33.347532332014417],[-111.97809818531213,33.347538195458867],[-111.97812721124711,33.347550123034836],[-111.9781416637052,33.347556187167982],[-111.97815607691662,33.347562320029688],[-111.97818478231504,33.347574778198208],[-111.97821332089696,33.347587503040685],[-111.97824169265868,33.347600489060326],[-111.97825581475473,33.347607081042888],[-111.97826989432565,33.347613736258872],[-111.97828392809865,33.347620457458341],[-111.97831186807137,33.34763409230608],[-111.97833962484883,33.347647985591053],[-111.97836719842533,33.347662129068162],[-111.97838091487856,33.347669298408697],[-111.97840820710927,33.347683824048509],[-111.97842177961202,33.347691180349443],[-111.97844878394388,33.347706082658625],[-111.97846221249631,33.3477136259201],[-111.97847559197245,33.347721229670057],[-111.9784889190995,33.347728896658531],[-111.97843521817263,33.347805656853517],[-111.97844577143059,33.348810013775669],[-111.97647257288888,33.348830567791708],[-111.97647016652986,33.34876920196988],[-111.97609913925685,33.348765139260465],[-111.97609899411671,33.349187738161234]],[[-112.16051394968777,33.355739856925766],[-112.16051873343336,33.352047908673228],[-112.16482401180396,33.352042312214294],[-112.16586291552302,33.352041812067746],[-112.16896393617108,33.352015277985267],[-112.1689620995263,33.352250480514499],[-112.1689394286382,33.355696654072702],[-112.16929855124884,33.355695882715729],[-112.16929943303671,33.355558987692262],[-112.16938065835267,33.355668165491359],[-112.17340029643748,33.355656767217482],[-112.17339727896263,33.355684260386191],[-112.17768211392348,33.355671999009395],[-112.17763045882725,33.362839559262227],[-112.17762974961505,33.363015632435641],[-112.17335143258707,33.363024435740712],[-112.17335138464512,33.363094003717343],[-112.1710945397643,33.363103387295553],[-112.17109318267696,33.363003968909496],[-112.1710922798696,33.362816424407086],[-112.17005215826367,33.362819397984879],[-112.17005208568209,33.362805656056651],[-112.16961483350505,33.362807341934698],[-112.16943562452892,33.362656527573385],[-112.16944470098373,33.36119200203759],[-112.16926423973027,33.361192583681408],[-112.16927013616881,33.360303024777835],[-112.16890969591267,33.360304329223993],[-112.16890117198301,33.361193767030734],[-112.16890422777234,33.361193760822836],[-112.1689004667835,33.361801918706291],[-112.16894962521474,33.361801876546899],[-112.16894767816899,33.362115752329515],[-112.16889851102,33.362116239749632],[-112.16889654231795,33.362462406694142],[-112.16896859966239,33.362462691789297],[-112.16896665051074,33.362809861846763],[-112.16839285616879,33.362810061825655],[-112.1683928534098,33.362870529718485],[-112.16697211547969,33.362871898702515],[-112.16697317197267,33.363053289244903],[-112.16604650164851,33.363054175551184],[-112.1647502616254,33.363055403664973],[-112.16264468891242,33.363057366805371],[-112.1626441494097,33.363862079227211],[-112.16264346429489,33.364882759537281],[-112.162642924983,33.36569100068661],[-112.16264237316287,33.366518062896375],[-112.16264231069546,33.366608771683381],[-112.16169243251881,33.366609855711893],[-112.16050750295527,33.366615071729505],[-112.1562269881759,33.366619109365494],[-112.15622875895494,33.368628861903439],[-112.15623143871561,33.370261447316601],[-112.15210093633327,33.370266452508076],[-112.15206445292594,33.370266496956056],[-112.1518468923671,33.370266826842474],[-112.15182486149037,33.362977676033829],[-112.15182464363599,33.362885725417151],[-112.15621027688826,33.362889764328528],[-112.16050173169441,33.362884433733122],[-112.16050195509639,33.362710876316285],[-112.16050706879312,33.36110237202741],[-112.160505808031,33.359744851582796],[-112.16050630043276,33.359365918048958],[-112.16050863385038,33.357568387637407],[-112.16051394968777,33.355739856925766]],[[-112.16795400584193,33.363085325111207],[-112.16795422908818,33.363112855535668],[-112.16889288102882,33.363111949887688],[-112.16889234691669,33.363345731168508],[-112.16889173081371,33.363615802679071],[-112.16894086046979,33.363615650642295],[-112.16893978807479,33.364086214434415],[-112.16889068801291,33.364086498335247],[-112.16872685825729,33.364086616672793],[-112.16855377575648,33.364086783799024],[-112.1677845634991,33.364087531209819],[-112.16696942811448,33.364088520357278],[-112.1669699488491,33.363672104193419],[-112.16697121941236,33.363113755571959],[-112.16751182603178,33.363113236190692],[-112.16751194696552,33.363085751792767],[-112.16795400584193,33.363085325111207]],[[-112.17334486991335,33.366585522749219],[-112.17347897761428,33.366586954926952],[-112.17347180109269,33.370119938645892],[-112.17341769247084,33.370120187983559],[-112.17337284051706,33.370120393421352],[-112.17337266331698,33.370216195175658],[-112.17754920774067,33.370203539193547],[-112.17755093569379,33.370100962101134],[-112.17763514418294,33.370100906042452],[-112.17775249822306,33.370100829694813],[-112.1777550386015,33.370206698654727],[-112.17957111742042,33.370197704457681],[-112.18048908397428,33.370189086664944],[-112.18048442520323,33.373907486803937],[-112.18048083793748,33.377382714305469],[-112.17954853961778,33.377393616284941],[-112.17761141576426,33.377403695091857],[-112.17761131429951,33.375851567327707],[-112.17761168685894,33.37543004031577],[-112.17761512070595,33.374966305016237],[-112.17761342751251,33.373450387541368],[-112.17761441628883,33.372325771752308],[-112.17761627462872,33.370212072224419],[-112.17597906756211,33.370219672151066],[-112.17354831259236,33.370231533519778],[-112.17266750456625,33.370236222318702],[-112.17199032276669,33.370239598507247],[-112.17143346785257,33.370242369582684],[-112.17087661290228,33.370245143657243],[-112.17031975788386,33.370247909737394],[-112.16942043004394,33.370244942519129],[-112.16942035616981,33.370234122171354],[-112.16933186481205,33.37017133343624],[-112.16923726526696,33.370130305249283],[-112.16923515549223,33.369730072016075],[-112.1692354968669,33.36958069511234],[-112.16923687750881,33.368972556570583],[-112.16924073645066,33.368605418500088],[-112.16924192265382,33.36808415484586],[-112.16924311641422,33.367560969991722],[-112.16924380513535,33.36725861289424],[-112.1692452958072,33.366603530996215],[-112.16944820746207,33.366602642542468],[-112.17157082676702,33.366593330698215],[-112.17334486991335,33.366585522749219]],[[-112.1648436760134,33.348386468590775],[-112.16344454195524,33.348385837766536],[-112.16048874479401,33.348384794241007],[-112.15988545879647,33.348389036248342],[-112.15988705688031,33.348299525242325],[-112.15983671516985,33.344533723126148],[-112.16046015929618,33.344525926617827],[-112.16052033826637,33.34452517358384],[-112.16182416938663,33.344520385915509],[-112.16293098441551,33.34451627771098],[-112.16375849316466,33.344513224120789],[-112.16376097221297,33.347989031734571],[-112.16415016820325,33.347991769218865],[-112.16424355401733,33.347808823986732],[-112.16426655276223,33.347763769969056],[-112.16429706582079,33.347706723338383],[-112.16433041494496,33.347649739754459],[-112.1643848337727,33.347566183612336],[-112.16442397349778,33.347511857169742],[-112.16446535315349,33.347458708066682],[-112.16450891399501,33.347406807877164],[-112.16455460705536,33.347356211665151],[-112.16460237684973,33.347306985501227],[-112.16465216132099,33.347259187223813],[-112.16470390497744,33.347212880155084],[-112.16475754573949,33.347168113888252],[-112.16484321017751,33.347101494111122],[-112.1648436760134,33.348386468590775]],[[-111.98902931651223,33.742869787849266],[-111.98848651428983,33.742870593967496],[-111.98794370876314,33.742871397701343],[-111.9879440211605,33.741960474203751],[-111.98902900254707,33.741959197263171],[-111.98902931651223,33.742869787849266]]]]},"properties":{"OBJECTID":2563,"NAME":"City of Phoenix"}}]}

